mikemurphy.co/11,https://go.mikemurphy.ai/11,301,TRUE,FALSE,FALSE,FALSE
mikemurphy.co/11/,https://go.mikemurphy.ai/11,301,TRUE,FALSE,FALSE,FALSE
www.mikemurphy.co/11,https://go.mikemurphy.ai/11,301,TRUE,FALSE,FALSE,FALSE
www.mikemurphy.co/11/,https://go.mikemurphy.ai/11,301,TRUE,FALSE,FALSE,FALSE
mikemurphy.co/1password,https://go.mikemurphy.ai/1password,301,TRUE,FALSE,FALSE,FALSE
mikemurphy.co/1password/,https://go.mikemurphy.ai/1password,301,TRUE,FALSE,FALSE,FALSE
www.mikemurphy.co/1password,https://go.mikemurphy.ai/1password,301,TRUE,FALSE,FALSE,FALSE
www.mikemurphy.co/1password/,https://go.mikemurphy.ai/1password,301,TRUE,FALSE,FALSE,FALSE
mikemurphy.co/2i2,https://go.mikemurphy.ai/2i2,301,TRUE,FALSE,FALSE,FALSE
mikemurphy.co/2i2/,https://go.mikemurphy.ai/2i2,301,TRUE,FALSE,FALSE,FALSE
www.mikemurphy.co/2i2,https://go.mikemurphy.ai/2i2,301,TRUE,FALSE,FALSE,FALSE
www.mikemurphy.co/2i2/,https://go.mikemurphy.ai/2i2,301,TRUE,FALSE,FALSE,FALSE
mikemurphy.co/6i6,https://go.mikemurphy.ai/6i6,301,TRUE,FALSE,FALSE,FALSE
mikemurphy.co/6i6/,https://go.mikemurphy.ai/6i6,301,TRUE,FALSE,FALSE,FALSE
www.mikemurphy.co/6i6,https://go.mikemurphy.ai/6i6,301,TRUE,FALSE,FALSE,FALSE
www.mikemurphy.co/6i6/,https://go.mikemurphy.ai/6i6,301,TRUE,FALSE,FALSE,FALSE
mikemurphy.co/adobe,https://go.mikemurphy.ai/adobe,301,TRUE,FALSE,FALSE,FALSE
mikemurphy.co/adobe/,https://go.mikemurphy.ai/adobe,301,TRUE,FALSE,FALSE,FALSE
www.mikemurphy.co/adobe,https://go.mikemurphy.ai/adobe,301,TRUE,FALSE,FALSE,FALSE
www.mikemurphy.co/adobe/,https://go.mikemurphy.ai/adobe,301,TRUE,FALSE,FALSE,FALSE
mikemurphy.co/aftereffects,https://go.mikemurphy.ai/aftereffects,301,TRUE,FALSE,FALSE,FALSE
mikemurphy.co/aftereffects/,https://go.mikemurphy.ai/aftereffects,301,TRUE,FALSE,FALSE,FALSE
www.mikemurphy.co/aftereffects,https://go.mikemurphy.ai/aftereffects,301,TRUE,FALSE,FALSE,FALSE
www.mikemurphy.co/aftereffects/,https://go.mikemurphy.ai/aftereffects,301,TRUE,FALSE,FALSE,FALSE
mikemurphy.co/airtable,https://go.mikemurphy.ai/airtable,301,TRUE,FALSE,FALSE,FALSE
mikemurphy.co/airtable/,https://go.mikemurphy.ai/airtable,301,TRUE,FALSE,FALSE,FALSE
www.mikemurphy.co/airtable,https://go.mikemurphy.ai/airtable,301,TRUE,FALSE,FALSE,FALSE
www.mikemurphy.co/airtable/,https://go.mikemurphy.ai/airtable,301,TRUE,FALSE,FALSE,FALSE
mikemurphy.co/aiunplugged,https://go.mikemurphy.ai/aiunplugged,301,TRUE,FALSE,FALSE,FALSE
mikemurphy.co/aiunplugged/,https://go.mikemurphy.ai/aiunplugged,301,TRUE,FALSE,FALSE,FALSE
www.mikemurphy.co/aiunplugged,https://go.mikemurphy.ai/aiunplugged,301,TRUE,FALSE,FALSE,FALSE
www.mikemurphy.co/aiunplugged/,https://go.mikemurphy.ai/aiunplugged,301,TRUE,FALSE,FALSE,FALSE
mikemurphy.co/alexa,https://go.mikemurphy.ai/alexa,301,TRUE,FALSE,FALSE,FALSE
mikemurphy.co/alexa/,https://go.mikemurphy.ai/alexa,301,TRUE,FALSE,FALSE,FALSE
www.mikemurphy.co/alexa,https://go.mikemurphy.ai/alexa,301,TRUE,FALSE,FALSE,FALSE
www.mikemurphy.co/alexa/,https://go.mikemurphy.ai/alexa,301,TRUE,FALSE,FALSE,FALSE
mikemurphy.co/ama,https://go.mikemurphy.ai/ama,301,TRUE,FALSE,FALSE,FALSE
mikemurphy.co/ama/,https://go.mikemurphy.ai/ama,301,TRUE,FALSE,FALSE,FALSE
www.mikemurphy.co/ama,https://go.mikemurphy.ai/ama,301,TRUE,FALSE,FALSE,FALSE
www.mikemurphy.co/ama/,https://go.mikemurphy.ai/ama,301,TRUE,FALSE,FALSE,FALSE
mikemurphy.co/amazon,https://go.mikemurphy.ai/amazon,301,TRUE,FALSE,FALSE,FALSE
mikemurphy.co/amazon/,https://go.mikemurphy.ai/amazon,301,TRUE,FALSE,FALSE,FALSE
www.mikemurphy.co/amazon,https://go.mikemurphy.ai/amazon,301,TRUE,FALSE,FALSE,FALSE
www.mikemurphy.co/amazon/,https://go.mikemurphy.ai/amazon,301,TRUE,FALSE,FALSE,FALSE
mikemurphy.co/amazonmusic,https://go.mikemurphy.ai/amazonmusic,301,TRUE,FALSE,FALSE,FALSE
mikemurphy.co/amazonmusic/,https://go.mikemurphy.ai/amazonmusic,301,TRUE,FALSE,FALSE,FALSE
www.mikemurphy.co/amazonmusic,https://go.mikemurphy.ai/amazonmusic,301,TRUE,FALSE,FALSE,FALSE
www.mikemurphy.co/amazonmusic/,https://go.mikemurphy.ai/amazonmusic,301,TRUE,FALSE,FALSE,FALSE
mikemurphy.co/ankerlarge,https://go.mikemurphy.ai/ankerlarge,301,TRUE,FALSE,FALSE,FALSE
mikemurphy.co/ankerlarge/,https://go.mikemurphy.ai/ankerlarge,301,TRUE,FALSE,FALSE,FALSE
www.mikemurphy.co/ankerlarge,https://go.mikemurphy.ai/ankerlarge,301,TRUE,FALSE,FALSE,FALSE
www.mikemurphy.co/ankerlarge/,https://go.mikemurphy.ai/ankerlarge,301,TRUE,FALSE,FALSE,FALSE
mikemurphy.co/ankerplug,https://go.mikemurphy.ai/ankerplug,301,TRUE,FALSE,FALSE,FALSE
mikemurphy.co/ankerplug/,https://go.mikemurphy.ai/ankerplug,301,TRUE,FALSE,FALSE,FALSE
www.mikemurphy.co/ankerplug,https://go.mikemurphy.ai/ankerplug,301,TRUE,FALSE,FALSE,FALSE
www.mikemurphy.co/ankerplug/,https://go.mikemurphy.ai/ankerplug,301,TRUE,FALSE,FALSE,FALSE
mikemurphy.co/ankersmall,https://go.mikemurphy.ai/ankersmall,301,TRUE,FALSE,FALSE,FALSE
mikemurphy.co/ankersmall/,https://go.mikemurphy.ai/ankersmall,301,TRUE,FALSE,FALSE,FALSE
www.mikemurphy.co/ankersmall,https://go.mikemurphy.ai/ankersmall,301,TRUE,FALSE,FALSE,FALSE
www.mikemurphy.co/ankersmall/,https://go.mikemurphy.ai/ankersmall,301,TRUE,FALSE,FALSE,FALSE
mikemurphy.co/ankerusb,https://go.mikemurphy.ai/ankerusb,301,TRUE,FALSE,FALSE,FALSE
mikemurphy.co/ankerusb/,https://go.mikemurphy.ai/ankerusb,301,TRUE,FALSE,FALSE,FALSE
www.mikemurphy.co/ankerusb,https://go.mikemurphy.ai/ankerusb,301,TRUE,FALSE,FALSE,FALSE
www.mikemurphy.co/ankerusb/,https://go.mikemurphy.ai/ankerusb,301,TRUE,FALSE,FALSE,FALSE
mikemurphy.co/applepodcasts,https://go.mikemurphy.ai/applepodcasts,301,TRUE,FALSE,FALSE,FALSE
mikemurphy.co/applepodcasts/,https://go.mikemurphy.ai/applepodcasts,301,TRUE,FALSE,FALSE,FALSE
www.mikemurphy.co/applepodcasts,https://go.mikemurphy.ai/applepodcasts,301,TRUE,FALSE,FALSE,FALSE
www.mikemurphy.co/applepodcasts/,https://go.mikemurphy.ai/applepodcasts,301,TRUE,FALSE,FALSE,FALSE
mikemurphy.co/at899,https://go.mikemurphy.ai/at899,301,TRUE,FALSE,FALSE,FALSE
mikemurphy.co/at899/,https://go.mikemurphy.ai/at899,301,TRUE,FALSE,FALSE,FALSE
www.mikemurphy.co/at899,https://go.mikemurphy.ai/at899,301,TRUE,FALSE,FALSE,FALSE
www.mikemurphy.co/at899/,https://go.mikemurphy.ai/at899,301,TRUE,FALSE,FALSE,FALSE
mikemurphy.co/athm50x,https://go.mikemurphy.ai/athm50x,301,TRUE,FALSE,FALSE,FALSE
mikemurphy.co/athm50x/,https://go.mikemurphy.ai/athm50x,301,TRUE,FALSE,FALSE,FALSE
www.mikemurphy.co/athm50x,https://go.mikemurphy.ai/athm50x,301,TRUE,FALSE,FALSE,FALSE
www.mikemurphy.co/athm50x/,https://go.mikemurphy.ai/athm50x,301,TRUE,FALSE,FALSE,FALSE
mikemurphy.co/atr2100,https://go.mikemurphy.ai/atr2100,301,TRUE,FALSE,FALSE,FALSE
mikemurphy.co/atr2100/,https://go.mikemurphy.ai/atr2100,301,TRUE,FALSE,FALSE,FALSE
www.mikemurphy.co/atr2100,https://go.mikemurphy.ai/atr2100,301,TRUE,FALSE,FALSE,FALSE
www.mikemurphy.co/atr2100/,https://go.mikemurphy.ai/atr2100,301,TRUE,FALSE,FALSE,FALSE
mikemurphy.co/audit,https://go.mikemurphy.ai/audit,301,TRUE,FALSE,FALSE,FALSE
mikemurphy.co/audit/,https://go.mikemurphy.ai/audit,301,TRUE,FALSE,FALSE,FALSE
www.mikemurphy.co/audit,https://go.mikemurphy.ai/audit,301,TRUE,FALSE,FALSE,FALSE
www.mikemurphy.co/audit/,https://go.mikemurphy.ai/audit,301,TRUE,FALSE,FALSE,FALSE
mikemurphy.co/audition,https://go.mikemurphy.ai/audition,301,TRUE,FALSE,FALSE,FALSE
mikemurphy.co/audition/,https://go.mikemurphy.ai/audition,301,TRUE,FALSE,FALSE,FALSE
www.mikemurphy.co/audition,https://go.mikemurphy.ai/audition,301,TRUE,FALSE,FALSE,FALSE
www.mikemurphy.co/audition/,https://go.mikemurphy.ai/audition,301,TRUE,FALSE,FALSE,FALSE
mikemurphy.co/author,https://go.mikemurphy.ai/author,301,TRUE,FALSE,FALSE,FALSE
mikemurphy.co/author/,https://go.mikemurphy.ai/author,301,TRUE,FALSE,FALSE,FALSE
www.mikemurphy.co/author,https://go.mikemurphy.ai/author,301,TRUE,FALSE,FALSE,FALSE
www.mikemurphy.co/author/,https://go.mikemurphy.ai/author,301,TRUE,FALSE,FALSE,FALSE
mikemurphy.co/backblaze,https://go.mikemurphy.ai/backblaze,301,TRUE,FALSE,FALSE,FALSE
mikemurphy.co/backblaze/,https://go.mikemurphy.ai/backblaze,301,TRUE,FALSE,FALSE,FALSE
www.mikemurphy.co/backblaze,https://go.mikemurphy.ai/backblaze,301,TRUE,FALSE,FALSE,FALSE
www.mikemurphy.co/backblaze/,https://go.mikemurphy.ai/backblaze,301,TRUE,FALSE,FALSE,FALSE
mikemurphy.co/backpack,https://go.mikemurphy.ai/backpack,301,TRUE,FALSE,FALSE,FALSE
mikemurphy.co/backpack/,https://go.mikemurphy.ai/backpack,301,TRUE,FALSE,FALSE,FALSE
www.mikemurphy.co/backpack,https://go.mikemurphy.ai/backpack,301,TRUE,FALSE,FALSE,FALSE
www.mikemurphy.co/backpack/,https://go.mikemurphy.ai/backpack,301,TRUE,FALSE,FALSE,FALSE
mikemurphy.co/backstage,https://go.mikemurphy.ai/backstage,301,TRUE,FALSE,FALSE,FALSE
mikemurphy.co/backstage/,https://go.mikemurphy.ai/backstage,301,TRUE,FALSE,FALSE,FALSE
www.mikemurphy.co/backstage,https://go.mikemurphy.ai/backstage,301,TRUE,FALSE,FALSE,FALSE
www.mikemurphy.co/backstage/,https://go.mikemurphy.ai/backstage,301,TRUE,FALSE,FALSE,FALSE
mikemurphy.co/beehiiv,https://go.mikemurphy.ai/beehiiv,301,TRUE,FALSE,FALSE,FALSE
mikemurphy.co/beehiiv/,https://go.mikemurphy.ai/beehiiv,301,TRUE,FALSE,FALSE,FALSE
www.mikemurphy.co/beehiiv,https://go.mikemurphy.ai/beehiiv,301,TRUE,FALSE,FALSE,FALSE
www.mikemurphy.co/beehiiv/,https://go.mikemurphy.ai/beehiiv,301,TRUE,FALSE,FALSE,FALSE
mikemurphy.co/bio,https://go.mikemurphy.ai/bio,301,TRUE,FALSE,FALSE,FALSE
mikemurphy.co/bio/,https://go.mikemurphy.ai/bio,301,TRUE,FALSE,FALSE,FALSE
www.mikemurphy.co/bio,https://go.mikemurphy.ai/bio,301,TRUE,FALSE,FALSE,FALSE
www.mikemurphy.co/bio/,https://go.mikemurphy.ai/bio,301,TRUE,FALSE,FALSE,FALSE
mikemurphy.co/blackscreen,https://go.mikemurphy.ai/blackscreen,301,TRUE,FALSE,FALSE,FALSE
mikemurphy.co/blackscreen/,https://go.mikemurphy.ai/blackscreen,301,TRUE,FALSE,FALSE,FALSE
www.mikemurphy.co/blackscreen,https://go.mikemurphy.ai/blackscreen,301,TRUE,FALSE,FALSE,FALSE
www.mikemurphy.co/blackscreen/,https://go.mikemurphy.ai/blackscreen,301,TRUE,FALSE,FALSE,FALSE
mikemurphy.co/blubrry,https://go.mikemurphy.ai/blubrry,301,TRUE,FALSE,FALSE,FALSE
mikemurphy.co/blubrry/,https://go.mikemurphy.ai/blubrry,301,TRUE,FALSE,FALSE,FALSE
www.mikemurphy.co/blubrry,https://go.mikemurphy.ai/blubrry,301,TRUE,FALSE,FALSE,FALSE
www.mikemurphy.co/blubrry/,https://go.mikemurphy.ai/blubrry,301,TRUE,FALSE,FALSE,FALSE
mikemurphy.co/books,https://go.mikemurphy.ai/books,301,TRUE,FALSE,FALSE,FALSE
mikemurphy.co/books/,https://go.mikemurphy.ai/books,301,TRUE,FALSE,FALSE,FALSE
www.mikemurphy.co/books,https://go.mikemurphy.ai/books,301,TRUE,FALSE,FALSE,FALSE
www.mikemurphy.co/books/,https://go.mikemurphy.ai/books,301,TRUE,FALSE,FALSE,FALSE
mikemurphy.co/brio,https://go.mikemurphy.ai/brio,301,TRUE,FALSE,FALSE,FALSE
mikemurphy.co/brio/,https://go.mikemurphy.ai/brio,301,TRUE,FALSE,FALSE,FALSE
www.mikemurphy.co/brio,https://go.mikemurphy.ai/brio,301,TRUE,FALSE,FALSE,FALSE
www.mikemurphy.co/brio/,https://go.mikemurphy.ai/brio,301,TRUE,FALSE,FALSE,FALSE
mikemurphy.co/builds,https://go.mikemurphy.ai/builds,301,TRUE,FALSE,FALSE,FALSE
mikemurphy.co/builds/,https://go.mikemurphy.ai/builds,301,TRUE,FALSE,FALSE,FALSE
www.mikemurphy.co/builds,https://go.mikemurphy.ai/builds,301,TRUE,FALSE,FALSE,FALSE
www.mikemurphy.co/builds/,https://go.mikemurphy.ai/builds,301,TRUE,FALSE,FALSE,FALSE
mikemurphy.co/buzzsprout,https://go.mikemurphy.ai/buzzsprout,301,TRUE,FALSE,FALSE,FALSE
mikemurphy.co/buzzsprout/,https://go.mikemurphy.ai/buzzsprout,301,TRUE,FALSE,FALSE,FALSE
www.mikemurphy.co/buzzsprout,https://go.mikemurphy.ai/buzzsprout,301,TRUE,FALSE,FALSE,FALSE
www.mikemurphy.co/buzzsprout/,https://go.mikemurphy.ai/buzzsprout,301,TRUE,FALSE,FALSE,FALSE
mikemurphy.co/bx5,https://go.mikemurphy.ai/bx5,301,TRUE,FALSE,FALSE,FALSE
mikemurphy.co/bx5/,https://go.mikemurphy.ai/bx5,301,TRUE,FALSE,FALSE,FALSE
www.mikemurphy.co/bx5,https://go.mikemurphy.ai/bx5,301,TRUE,FALSE,FALSE,FALSE
www.mikemurphy.co/bx5/,https://go.mikemurphy.ai/bx5,301,TRUE,FALSE,FALSE,FALSE
mikemurphy.co/c920,https://go.mikemurphy.ai/c920,301,TRUE,FALSE,FALSE,FALSE
mikemurphy.co/c920/,https://go.mikemurphy.ai/c920,301,TRUE,FALSE,FALSE,FALSE
www.mikemurphy.co/c920,https://go.mikemurphy.ai/c920,301,TRUE,FALSE,FALSE,FALSE
www.mikemurphy.co/c920/,https://go.mikemurphy.ai/c920,301,TRUE,FALSE,FALSE,FALSE
mikemurphy.co/c920software,https://go.mikemurphy.ai/c920software,301,TRUE,FALSE,FALSE,FALSE
mikemurphy.co/c920software/,https://go.mikemurphy.ai/c920software,301,TRUE,FALSE,FALSE,FALSE
www.mikemurphy.co/c920software,https://go.mikemurphy.ai/c920software,301,TRUE,FALSE,FALSE,FALSE
www.mikemurphy.co/c920software/,https://go.mikemurphy.ai/c920software,301,TRUE,FALSE,FALSE,FALSE
mikemurphy.co/c930,https://go.mikemurphy.ai/c930,301,TRUE,FALSE,FALSE,FALSE
mikemurphy.co/c930/,https://go.mikemurphy.ai/c930,301,TRUE,FALSE,FALSE,FALSE
www.mikemurphy.co/c930,https://go.mikemurphy.ai/c930,301,TRUE,FALSE,FALSE,FALSE
www.mikemurphy.co/c930/,https://go.mikemurphy.ai/c930,301,TRUE,FALSE,FALSE,FALSE
mikemurphy.co/camino,https://go.mikemurphy.ai/camino,301,TRUE,FALSE,FALSE,FALSE
mikemurphy.co/camino/,https://go.mikemurphy.ai/camino,301,TRUE,FALSE,FALSE,FALSE
www.mikemurphy.co/camino,https://go.mikemurphy.ai/camino,301,TRUE,FALSE,FALSE,FALSE
www.mikemurphy.co/camino/,https://go.mikemurphy.ai/camino,301,TRUE,FALSE,FALSE,FALSE
mikemurphy.co/caminoplanner,https://go.mikemurphy.ai/caminoplanner,301,TRUE,FALSE,FALSE,FALSE
mikemurphy.co/caminoplanner/,https://go.mikemurphy.ai/caminoplanner,301,TRUE,FALSE,FALSE,FALSE
www.mikemurphy.co/caminoplanner,https://go.mikemurphy.ai/caminoplanner,301,TRUE,FALSE,FALSE,FALSE
www.mikemurphy.co/caminoplanner/,https://go.mikemurphy.ai/caminoplanner,301,TRUE,FALSE,FALSE,FALSE
mikemurphy.co/camtasia,https://go.mikemurphy.ai/camtasia,301,TRUE,FALSE,FALSE,FALSE
mikemurphy.co/camtasia/,https://go.mikemurphy.ai/camtasia,301,TRUE,FALSE,FALSE,FALSE
www.mikemurphy.co/camtasia,https://go.mikemurphy.ai/camtasia,301,TRUE,FALSE,FALSE,FALSE
www.mikemurphy.co/camtasia/,https://go.mikemurphy.ai/camtasia,301,TRUE,FALSE,FALSE,FALSE
mikemurphy.co/canare10,https://go.mikemurphy.ai/canare10,301,TRUE,FALSE,FALSE,FALSE
mikemurphy.co/canare10/,https://go.mikemurphy.ai/canare10,301,TRUE,FALSE,FALSE,FALSE
www.mikemurphy.co/canare10,https://go.mikemurphy.ai/canare10,301,TRUE,FALSE,FALSE,FALSE
www.mikemurphy.co/canare10/,https://go.mikemurphy.ai/canare10,301,TRUE,FALSE,FALSE,FALSE
mikemurphy.co/canare3,https://go.mikemurphy.ai/canare2,301,TRUE,FALSE,FALSE,FALSE
mikemurphy.co/canare3/,https://go.mikemurphy.ai/canare2,301,TRUE,FALSE,FALSE,FALSE
www.mikemurphy.co/canare3,https://go.mikemurphy.ai/canare2,301,TRUE,FALSE,FALSE,FALSE
www.mikemurphy.co/canare3/,https://go.mikemurphy.ai/canare2,301,TRUE,FALSE,FALSE,FALSE
mikemurphy.co/canare5,https://go.mikemurphy.ai/canare5,301,TRUE,FALSE,FALSE,FALSE
mikemurphy.co/canare5/,https://go.mikemurphy.ai/canare5,301,TRUE,FALSE,FALSE,FALSE
www.mikemurphy.co/canare5,https://go.mikemurphy.ai/canare5,301,TRUE,FALSE,FALSE,FALSE
www.mikemurphy.co/canare5/,https://go.mikemurphy.ai/canare5,301,TRUE,FALSE,FALSE,FALSE
mikemurphy.co/canary,https://go.mikemurphy.ai/canary,301,TRUE,FALSE,FALSE,FALSE
mikemurphy.co/canary/,https://go.mikemurphy.ai/canary,301,TRUE,FALSE,FALSE,FALSE
www.mikemurphy.co/canary,https://go.mikemurphy.ai/canary,301,TRUE,FALSE,FALSE,FALSE
www.mikemurphy.co/canary/,https://go.mikemurphy.ai/canary,301,TRUE,FALSE,FALSE,FALSE
mikemurphy.co/canon18,https://go.mikemurphy.ai/canon18,301,TRUE,FALSE,FALSE,FALSE
mikemurphy.co/canon18/,https://go.mikemurphy.ai/canon18,301,TRUE,FALSE,FALSE,FALSE
www.mikemurphy.co/canon18,https://go.mikemurphy.ai/canon18,301,TRUE,FALSE,FALSE,FALSE
www.mikemurphy.co/canon18/,https://go.mikemurphy.ai/canon18,301,TRUE,FALSE,FALSE,FALSE
mikemurphy.co/canon24,https://go.mikemurphy.ai/canon24,301,TRUE,FALSE,FALSE,FALSE
mikemurphy.co/canon24/,https://go.mikemurphy.ai/canon24,301,TRUE,FALSE,FALSE,FALSE
www.mikemurphy.co/canon24,https://go.mikemurphy.ai/canon24,301,TRUE,FALSE,FALSE,FALSE
www.mikemurphy.co/canon24/,https://go.mikemurphy.ai/canon24,301,TRUE,FALSE,FALSE,FALSE
mikemurphy.co/canon50,https://go.mikemurphy.ai/canon50,301,TRUE,FALSE,FALSE,FALSE
mikemurphy.co/canon50/,https://go.mikemurphy.ai/canon50,301,TRUE,FALSE,FALSE,FALSE
www.mikemurphy.co/canon50,https://go.mikemurphy.ai/canon50,301,TRUE,FALSE,FALSE,FALSE
www.mikemurphy.co/canon50/,https://go.mikemurphy.ai/canon50,301,TRUE,FALSE,FALSE,FALSE
mikemurphy.co/canonremote,https://go.mikemurphy.ai/canonremote,301,TRUE,FALSE,FALSE,FALSE
mikemurphy.co/canonremote/,https://go.mikemurphy.ai/canonremote,301,TRUE,FALSE,FALSE,FALSE
www.mikemurphy.co/canonremote,https://go.mikemurphy.ai/canonremote,301,TRUE,FALSE,FALSE,FALSE
www.mikemurphy.co/canonremote/,https://go.mikemurphy.ai/canonremote,301,TRUE,FALSE,FALSE,FALSE
mikemurphy.co/characteranimator,https://go.mikemurphy.ai/characteranimator,301,TRUE,FALSE,FALSE,FALSE
mikemurphy.co/characteranimator/,https://go.mikemurphy.ai/characteranimator,301,TRUE,FALSE,FALSE,FALSE
www.mikemurphy.co/characteranimator,https://go.mikemurphy.ai/characteranimator,301,TRUE,FALSE,FALSE,FALSE
www.mikemurphy.co/characteranimator/,https://go.mikemurphy.ai/characteranimator,301,TRUE,FALSE,FALSE,FALSE
mikemurphy.co/cleanshot,https://go.mikemurphy.ai/cleanshot,301,TRUE,FALSE,FALSE,FALSE
mikemurphy.co/cleanshot/,https://go.mikemurphy.ai/cleanshot,301,TRUE,FALSE,FALSE,FALSE
www.mikemurphy.co/cleanshot,https://go.mikemurphy.ai/cleanshot,301,TRUE,FALSE,FALSE,FALSE
www.mikemurphy.co/cleanshot/,https://go.mikemurphy.ai/cleanshot,301,TRUE,FALSE,FALSE,FALSE
mikemurphy.co/cloudlifter,https://go.mikemurphy.ai/cloudlifter,301,TRUE,FALSE,FALSE,FALSE
mikemurphy.co/cloudlifter/,https://go.mikemurphy.ai/cloudlifter,301,TRUE,FALSE,FALSE,FALSE
www.mikemurphy.co/cloudlifter,https://go.mikemurphy.ai/cloudlifter,301,TRUE,FALSE,FALSE,FALSE
www.mikemurphy.co/cloudlifter/,https://go.mikemurphy.ai/cloudlifter,301,TRUE,FALSE,FALSE,FALSE
mikemurphy.co/coinbase,https://go.mikemurphy.ai/coinbase,301,TRUE,FALSE,FALSE,FALSE
mikemurphy.co/coinbase/,https://go.mikemurphy.ai/coinbase,301,TRUE,FALSE,FALSE,FALSE
www.mikemurphy.co/coinbase,https://go.mikemurphy.ai/coinbase,301,TRUE,FALSE,FALSE,FALSE
www.mikemurphy.co/coinbase/,https://go.mikemurphy.ai/coinbase,301,TRUE,FALSE,FALSE,FALSE
mikemurphy.co/creativelive,https://go.mikemurphy.ai/creativelive,301,TRUE,FALSE,FALSE,FALSE
mikemurphy.co/creativelive/,https://go.mikemurphy.ai/creativelive,301,TRUE,FALSE,FALSE,FALSE
www.mikemurphy.co/creativelive,https://go.mikemurphy.ai/creativelive,301,TRUE,FALSE,FALSE,FALSE
www.mikemurphy.co/creativelive/,https://go.mikemurphy.ai/creativelive,301,TRUE,FALSE,FALSE,FALSE
mikemurphy.co/creativemarket,https://go.mikemurphy.ai/creativemarket,301,TRUE,FALSE,FALSE,FALSE
mikemurphy.co/creativemarket/,https://go.mikemurphy.ai/creativemarket,301,TRUE,FALSE,FALSE,FALSE
www.mikemurphy.co/creativemarket,https://go.mikemurphy.ai/creativemarket,301,TRUE,FALSE,FALSE,FALSE
www.mikemurphy.co/creativemarket/,https://go.mikemurphy.ai/creativemarket,301,TRUE,FALSE,FALSE,FALSE
mikemurphy.co/daytrip,https://go.mikemurphy.ai/daytrip,301,TRUE,FALSE,FALSE,FALSE
mikemurphy.co/daytrip/,https://go.mikemurphy.ai/daytrip,301,TRUE,FALSE,FALSE,FALSE
www.mikemurphy.co/daytrip,https://go.mikemurphy.ai/daytrip,301,TRUE,FALSE,FALSE,FALSE
www.mikemurphy.co/daytrip/,https://go.mikemurphy.ai/daytrip,301,TRUE,FALSE,FALSE,FALSE
mikemurphy.co/divi,https://go.mikemurphy.ai/divi,301,TRUE,FALSE,FALSE,FALSE
mikemurphy.co/divi/,https://go.mikemurphy.ai/divi,301,TRUE,FALSE,FALSE,FALSE
www.mikemurphy.co/divi,https://go.mikemurphy.ai/divi,301,TRUE,FALSE,FALSE,FALSE
www.mikemurphy.co/divi/,https://go.mikemurphy.ai/divi,301,TRUE,FALSE,FALSE,FALSE
mikemurphy.co/domestika,https://go.mikemurphy.ai/domestika,301,TRUE,FALSE,FALSE,FALSE
mikemurphy.co/domestika/,https://go.mikemurphy.ai/domestika,301,TRUE,FALSE,FALSE,FALSE
www.mikemurphy.co/domestika,https://go.mikemurphy.ai/domestika,301,TRUE,FALSE,FALSE,FALSE
www.mikemurphy.co/domestika/,https://go.mikemurphy.ai/domestika,301,TRUE,FALSE,FALSE,FALSE
mikemurphy.co/domkef2,https://go.mikemurphy.ai/domkef2,301,TRUE,FALSE,FALSE,FALSE
mikemurphy.co/domkef2/,https://go.mikemurphy.ai/domkef2,301,TRUE,FALSE,FALSE,FALSE
www.mikemurphy.co/domkef2,https://go.mikemurphy.ai/domkef2,301,TRUE,FALSE,FALSE,FALSE
www.mikemurphy.co/domkef2/,https://go.mikemurphy.ai/domkef2,301,TRUE,FALSE,FALSE,FALSE
mikemurphy.co/dot,https://go.mikemurphy.ai/dot,301,TRUE,FALSE,FALSE,FALSE
mikemurphy.co/dot/,https://go.mikemurphy.ai/dot,301,TRUE,FALSE,FALSE,FALSE
www.mikemurphy.co/dot,https://go.mikemurphy.ai/dot,301,TRUE,FALSE,FALSE,FALSE
www.mikemurphy.co/dot/,https://go.mikemurphy.ai/dot,301,TRUE,FALSE,FALSE,FALSE
mikemurphy.co/dt770,https://go.mikemurphy.ai/dt770,301,TRUE,FALSE,FALSE,FALSE
mikemurphy.co/dt770/,https://go.mikemurphy.ai/dt770,301,TRUE,FALSE,FALSE,FALSE
www.mikemurphy.co/dt770,https://go.mikemurphy.ai/dt770,301,TRUE,FALSE,FALSE,FALSE
www.mikemurphy.co/dt770/,https://go.mikemurphy.ai/dt770,301,TRUE,FALSE,FALSE,FALSE
mikemurphy.co/ebook1,https://go.mikemurphy.ai/ebook1,301,TRUE,FALSE,FALSE,FALSE
mikemurphy.co/ebook1/,https://go.mikemurphy.ai/ebook1,301,TRUE,FALSE,FALSE,FALSE
www.mikemurphy.co/ebook1,https://go.mikemurphy.ai/ebook1,301,TRUE,FALSE,FALSE,FALSE
www.mikemurphy.co/ebook1/,https://go.mikemurphy.ai/ebook1,301,TRUE,FALSE,FALSE,FALSE
mikemurphy.co/ecamm,https://go.mikemurphy.ai/ecamm,301,TRUE,FALSE,FALSE,FALSE
mikemurphy.co/ecamm/,https://go.mikemurphy.ai/ecamm,301,TRUE,FALSE,FALSE,FALSE
www.mikemurphy.co/ecamm,https://go.mikemurphy.ai/ecamm,301,TRUE,FALSE,FALSE,FALSE
www.mikemurphy.co/ecamm/,https://go.mikemurphy.ai/ecamm,301,TRUE,FALSE,FALSE,FALSE
mikemurphy.co/ecammlive,https://go.mikemurphy.ai/ecammlive,301,TRUE,FALSE,FALSE,FALSE
mikemurphy.co/ecammlive/,https://go.mikemurphy.ai/ecammlive,301,TRUE,FALSE,FALSE,FALSE
www.mikemurphy.co/ecammlive,https://go.mikemurphy.ai/ecammlive,301,TRUE,FALSE,FALSE,FALSE
www.mikemurphy.co/ecammlive/,https://go.mikemurphy.ai/ecammlive,301,TRUE,FALSE,FALSE,FALSE
mikemurphy.co/echo,https://go.mikemurphy.ai/echo,301,TRUE,FALSE,FALSE,FALSE
mikemurphy.co/echo/,https://go.mikemurphy.ai/echo,301,TRUE,FALSE,FALSE,FALSE
www.mikemurphy.co/echo,https://go.mikemurphy.ai/echo,301,TRUE,FALSE,FALSE,FALSE
www.mikemurphy.co/echo/,https://go.mikemurphy.ai/echo,301,TRUE,FALSE,FALSE,FALSE
mikemurphy.co/elevenlabs,https://go.mikemurphy.ai/elevenlabs,301,TRUE,FALSE,FALSE,FALSE
mikemurphy.co/elevenlabs/,https://go.mikemurphy.ai/elevenlabs,301,TRUE,FALSE,FALSE,FALSE
www.mikemurphy.co/elevenlabs,https://go.mikemurphy.ai/elevenlabs,301,TRUE,FALSE,FALSE,FALSE
www.mikemurphy.co/elevenlabs/,https://go.mikemurphy.ai/elevenlabs,301,TRUE,FALSE,FALSE,FALSE
mikemurphy.co/email,https://go.mikemurphy.ai/email,301,TRUE,FALSE,FALSE,FALSE
mikemurphy.co/email/,https://go.mikemurphy.ai/email,301,TRUE,FALSE,FALSE,FALSE
www.mikemurphy.co/email,https://go.mikemurphy.ai/email,301,TRUE,FALSE,FALSE,FALSE
www.mikemurphy.co/email/,https://go.mikemurphy.ai/email,301,TRUE,FALSE,FALSE,FALSE
mikemurphy.co/eneloop,https://go.mikemurphy.ai/eneloop,301,TRUE,FALSE,FALSE,FALSE
mikemurphy.co/eneloop/,https://go.mikemurphy.ai/eneloop,301,TRUE,FALSE,FALSE,FALSE
www.mikemurphy.co/eneloop,https://go.mikemurphy.ai/eneloop,301,TRUE,FALSE,FALSE,FALSE
www.mikemurphy.co/eneloop/,https://go.mikemurphy.ai/eneloop,301,TRUE,FALSE,FALSE,FALSE
mikemurphy.co/eneloops,https://go.mikemurphy.ai/eneloops,301,TRUE,FALSE,FALSE,FALSE
mikemurphy.co/eneloops/,https://go.mikemurphy.ai/eneloops,301,TRUE,FALSE,FALSE,FALSE
www.mikemurphy.co/eneloops,https://go.mikemurphy.ai/eneloops,301,TRUE,FALSE,FALSE,FALSE
www.mikemurphy.co/eneloops/,https://go.mikemurphy.ai/eneloops,301,TRUE,FALSE,FALSE,FALSE
mikemurphy.co/envato,https://go.mikemurphy.ai/envato,301,TRUE,FALSE,FALSE,FALSE
mikemurphy.co/envato/,https://go.mikemurphy.ai/envato,301,TRUE,FALSE,FALSE,FALSE
www.mikemurphy.co/envato,https://go.mikemurphy.ai/envato,301,TRUE,FALSE,FALSE,FALSE
www.mikemurphy.co/envato/,https://go.mikemurphy.ai/envato,301,TRUE,FALSE,FALSE,FALSE
mikemurphy.co/epidemic,https://go.mikemurphy.ai/epidemic,301,TRUE,FALSE,FALSE,FALSE
mikemurphy.co/epidemic/,https://go.mikemurphy.ai/epidemic,301,TRUE,FALSE,FALSE,FALSE
www.mikemurphy.co/epidemic,https://go.mikemurphy.ai/epidemic,301,TRUE,FALSE,FALSE,FALSE
www.mikemurphy.co/epidemic/,https://go.mikemurphy.ai/epidemic,301,TRUE,FALSE,FALSE,FALSE
mikemurphy.co/extension,https://go.mikemurphy.ai/extension,301,TRUE,FALSE,FALSE,FALSE
mikemurphy.co/extension/,https://go.mikemurphy.ai/extension,301,TRUE,FALSE,FALSE,FALSE
www.mikemurphy.co/extension,https://go.mikemurphy.ai/extension,301,TRUE,FALSE,FALSE,FALSE
www.mikemurphy.co/extension/,https://go.mikemurphy.ai/extension,301,TRUE,FALSE,FALSE,FALSE
mikemurphy.co/facebook,https://go.mikemurphy.ai/facebook,301,TRUE,FALSE,FALSE,FALSE
mikemurphy.co/facebook/,https://go.mikemurphy.ai/facebook,301,TRUE,FALSE,FALSE,FALSE
www.mikemurphy.co/facebook,https://go.mikemurphy.ai/facebook,301,TRUE,FALSE,FALSE,FALSE
www.mikemurphy.co/facebook/,https://go.mikemurphy.ai/facebook,301,TRUE,FALSE,FALSE,FALSE
mikemurphy.co/fancydeal,https://go.mikemurphy.ai/fancydeal,301,TRUE,FALSE,FALSE,FALSE
mikemurphy.co/fancydeal/,https://go.mikemurphy.ai/fancydeal,301,TRUE,FALSE,FALSE,FALSE
www.mikemurphy.co/fancydeal,https://go.mikemurphy.ai/fancydeal,301,TRUE,FALSE,FALSE,FALSE
www.mikemurphy.co/fancydeal/,https://go.mikemurphy.ai/fancydeal,301,TRUE,FALSE,FALSE,FALSE
mikemurphy.co/fethead,https://go.mikemurphy.ai/fethead,301,TRUE,FALSE,FALSE,FALSE
mikemurphy.co/fethead/,https://go.mikemurphy.ai/fethead,301,TRUE,FALSE,FALSE,FALSE
www.mikemurphy.co/fethead,https://go.mikemurphy.ai/fethead,301,TRUE,FALSE,FALSE,FALSE
www.mikemurphy.co/fethead/,https://go.mikemurphy.ai/fethead,301,TRUE,FALSE,FALSE,FALSE
mikemurphy.co/flow,https://go.mikemurphy.ai/flow,301,TRUE,FALSE,FALSE,FALSE
mikemurphy.co/flow/,https://go.mikemurphy.ai/flow,301,TRUE,FALSE,FALSE,FALSE
www.mikemurphy.co/flow,https://go.mikemurphy.ai/flow,301,TRUE,FALSE,FALSE,FALSE
www.mikemurphy.co/flow/,https://go.mikemurphy.ai/flow,301,TRUE,FALSE,FALSE,FALSE
mikemurphy.co/foam,https://go.mikemurphy.ai/foam,301,TRUE,FALSE,FALSE,FALSE
mikemurphy.co/foam/,https://go.mikemurphy.ai/foam,301,TRUE,FALSE,FALSE,FALSE
www.mikemurphy.co/foam,https://go.mikemurphy.ai/foam,301,TRUE,FALSE,FALSE,FALSE
www.mikemurphy.co/foam/,https://go.mikemurphy.ai/foam,301,TRUE,FALSE,FALSE,FALSE
mikemurphy.co/fotodiox,https://go.mikemurphy.ai/fotodiox,301,TRUE,FALSE,FALSE,FALSE
mikemurphy.co/fotodiox/,https://go.mikemurphy.ai/fotodiox,301,TRUE,FALSE,FALSE,FALSE
www.mikemurphy.co/fotodiox,https://go.mikemurphy.ai/fotodiox,301,TRUE,FALSE,FALSE,FALSE
www.mikemurphy.co/fotodiox/,https://go.mikemurphy.ai/fotodiox,301,TRUE,FALSE,FALSE,FALSE
mikemurphy.co/freshbooks,https://go.mikemurphy.ai/freshbooks,301,TRUE,FALSE,FALSE,FALSE
mikemurphy.co/freshbooks/,https://go.mikemurphy.ai/freshbooks,301,TRUE,FALSE,FALSE,FALSE
www.mikemurphy.co/freshbooks,https://go.mikemurphy.ai/freshbooks,301,TRUE,FALSE,FALSE,FALSE
www.mikemurphy.co/freshbooks/,https://go.mikemurphy.ai/freshbooks,301,TRUE,FALSE,FALSE,FALSE
mikemurphy.co/g11,https://go.mikemurphy.ai/g11,301,TRUE,FALSE,FALSE,FALSE
mikemurphy.co/g11/,https://go.mikemurphy.ai/g11,301,TRUE,FALSE,FALSE,FALSE
www.mikemurphy.co/g11,https://go.mikemurphy.ai/g11,301,TRUE,FALSE,FALSE,FALSE
www.mikemurphy.co/g11/,https://go.mikemurphy.ai/g11,301,TRUE,FALSE,FALSE,FALSE
mikemurphy.co/gear,https://go.mikemurphy.ai/gear,301,TRUE,FALSE,FALSE,FALSE
mikemurphy.co/gear/,https://go.mikemurphy.ai/gear,301,TRUE,FALSE,FALSE,FALSE
www.mikemurphy.co/gear,https://go.mikemurphy.ai/gear,301,TRUE,FALSE,FALSE,FALSE
www.mikemurphy.co/gear/,https://go.mikemurphy.ai/gear,301,TRUE,FALSE,FALSE,FALSE
mikemurphy.co/gifts,https://go.mikemurphy.ai/gifts,301,TRUE,FALSE,FALSE,FALSE
mikemurphy.co/gifts/,https://go.mikemurphy.ai/gifts,301,TRUE,FALSE,FALSE,FALSE
www.mikemurphy.co/gifts,https://go.mikemurphy.ai/gifts,301,TRUE,FALSE,FALSE,FALSE
www.mikemurphy.co/gifts/,https://go.mikemurphy.ai/gifts,301,TRUE,FALSE,FALSE,FALSE
mikemurphy.co/gifts2017,https://go.mikemurphy.ai/gifts2017,301,TRUE,FALSE,FALSE,FALSE
mikemurphy.co/gifts2017/,https://go.mikemurphy.ai/gifts2017,301,TRUE,FALSE,FALSE,FALSE
www.mikemurphy.co/gifts2017,https://go.mikemurphy.ai/gifts2017,301,TRUE,FALSE,FALSE,FALSE
www.mikemurphy.co/gifts2017/,https://go.mikemurphy.ai/gifts2017,301,TRUE,FALSE,FALSE,FALSE
mikemurphy.co/godaddy,https://go.mikemurphy.ai/godaddy,301,TRUE,FALSE,FALSE,FALSE
mikemurphy.co/godaddy/,https://go.mikemurphy.ai/godaddy,301,TRUE,FALSE,FALSE,FALSE
www.mikemurphy.co/godaddy,https://go.mikemurphy.ai/godaddy,301,TRUE,FALSE,FALSE,FALSE
www.mikemurphy.co/godaddy/,https://go.mikemurphy.ai/godaddy,301,TRUE,FALSE,FALSE,FALSE
mikemurphy.co/google,https://go.mikemurphy.ai/google,301,TRUE,FALSE,FALSE,FALSE
mikemurphy.co/google/,https://go.mikemurphy.ai/google,301,TRUE,FALSE,FALSE,FALSE
www.mikemurphy.co/google,https://go.mikemurphy.ai/google,301,TRUE,FALSE,FALSE,FALSE
www.mikemurphy.co/google/,https://go.mikemurphy.ai/google,301,TRUE,FALSE,FALSE,FALSE
mikemurphy.co/google+,https://go.mikemurphy.ai/google+,301,TRUE,FALSE,FALSE,FALSE
mikemurphy.co/google+/,https://go.mikemurphy.ai/google+,301,TRUE,FALSE,FALSE,FALSE
www.mikemurphy.co/google+,https://go.mikemurphy.ai/google+,301,TRUE,FALSE,FALSE,FALSE
www.mikemurphy.co/google+/,https://go.mikemurphy.ai/google+,301,TRUE,FALSE,FALSE,FALSE
mikemurphy.co/googleworkspace,https://go.mikemurphy.ai/googleworkspace,301,TRUE,FALSE,FALSE,FALSE
mikemurphy.co/googleworkspace/,https://go.mikemurphy.ai/googleworkspace,301,TRUE,FALSE,FALSE,FALSE
www.mikemurphy.co/googleworkspace,https://go.mikemurphy.ai/googleworkspace,301,TRUE,FALSE,FALSE,FALSE
www.mikemurphy.co/googleworkspace/,https://go.mikemurphy.ai/googleworkspace,301,TRUE,FALSE,FALSE,FALSE
mikemurphy.co/gopro4,https://go.mikemurphy.ai/gopro4,301,TRUE,FALSE,FALSE,FALSE
mikemurphy.co/gopro4/,https://go.mikemurphy.ai/gopro4,301,TRUE,FALSE,FALSE,FALSE
www.mikemurphy.co/gopro4,https://go.mikemurphy.ai/gopro4,301,TRUE,FALSE,FALSE,FALSE
www.mikemurphy.co/gopro4/,https://go.mikemurphy.ai/gopro4,301,TRUE,FALSE,FALSE,FALSE
mikemurphy.co/grammarly,https://go.mikemurphy.ai/grammarly,301,TRUE,FALSE,FALSE,FALSE
mikemurphy.co/grammarly/,https://go.mikemurphy.ai/grammarly,301,TRUE,FALSE,FALSE,FALSE
www.mikemurphy.co/grammarly,https://go.mikemurphy.ai/grammarly,301,TRUE,FALSE,FALSE,FALSE
www.mikemurphy.co/grammarly/,https://go.mikemurphy.ai/grammarly,301,TRUE,FALSE,FALSE,FALSE
mikemurphy.co/greenscreen,https://go.mikemurphy.ai/greenscreen,301,TRUE,FALSE,FALSE,FALSE
mikemurphy.co/greenscreen/,https://go.mikemurphy.ai/greenscreen,301,TRUE,FALSE,FALSE,FALSE
www.mikemurphy.co/greenscreen,https://go.mikemurphy.ai/greenscreen,301,TRUE,FALSE,FALSE,FALSE
www.mikemurphy.co/greenscreen/,https://go.mikemurphy.ai/greenscreen,301,TRUE,FALSE,FALSE,FALSE
mikemurphy.co/gsuite,https://go.mikemurphy.ai/gsuite,301,TRUE,FALSE,FALSE,FALSE
mikemurphy.co/gsuite/,https://go.mikemurphy.ai/gsuite,301,TRUE,FALSE,FALSE,FALSE
www.mikemurphy.co/gsuite,https://go.mikemurphy.ai/gsuite,301,TRUE,FALSE,FALSE,FALSE
www.mikemurphy.co/gsuite/,https://go.mikemurphy.ai/gsuite,301,TRUE,FALSE,FALSE,FALSE
mikemurphy.co/guide,https://go.mikemurphy.ai/guide,301,TRUE,FALSE,FALSE,FALSE
mikemurphy.co/guide/,https://go.mikemurphy.ai/guide,301,TRUE,FALSE,FALSE,FALSE
www.mikemurphy.co/guide,https://go.mikemurphy.ai/guide,301,TRUE,FALSE,FALSE,FALSE
www.mikemurphy.co/guide/,https://go.mikemurphy.ai/guide,301,TRUE,FALSE,FALSE,FALSE
mikemurphy.co/gumroad,https://go.mikemurphy.ai/gumroad,301,TRUE,FALSE,FALSE,FALSE
mikemurphy.co/gumroad/,https://go.mikemurphy.ai/gumroad,301,TRUE,FALSE,FALSE,FALSE
www.mikemurphy.co/gumroad,https://go.mikemurphy.ai/gumroad,301,TRUE,FALSE,FALSE,FALSE
www.mikemurphy.co/gumroad/,https://go.mikemurphy.ai/gumroad,301,TRUE,FALSE,FALSE,FALSE
mikemurphy.co/h4n,https://go.mikemurphy.ai/h4n,301,TRUE,FALSE,FALSE,FALSE
mikemurphy.co/h4n/,https://go.mikemurphy.ai/h4n,301,TRUE,FALSE,FALSE,FALSE
www.mikemurphy.co/h4n,https://go.mikemurphy.ai/h4n,301,TRUE,FALSE,FALSE,FALSE
www.mikemurphy.co/h4n/,https://go.mikemurphy.ai/h4n,301,TRUE,FALSE,FALSE,FALSE
mikemurphy.co/headshot,https://go.mikemurphy.ai/headshot,301,TRUE,FALSE,FALSE,FALSE
mikemurphy.co/headshot/,https://go.mikemurphy.ai/headshot,301,TRUE,FALSE,FALSE,FALSE
www.mikemurphy.co/headshot,https://go.mikemurphy.ai/headshot,301,TRUE,FALSE,FALSE,FALSE
www.mikemurphy.co/headshot/,https://go.mikemurphy.ai/headshot,301,TRUE,FALSE,FALSE,FALSE
mikemurphy.co/heidi,https://go.mikemurphy.ai/heidi,301,TRUE,FALSE,FALSE,FALSE
mikemurphy.co/heidi/,https://go.mikemurphy.ai/heidi,301,TRUE,FALSE,FALSE,FALSE
www.mikemurphy.co/heidi,https://go.mikemurphy.ai/heidi,301,TRUE,FALSE,FALSE,FALSE
www.mikemurphy.co/heidi/,https://go.mikemurphy.ai/heidi,301,TRUE,FALSE,FALSE,FALSE
mikemurphy.co/heilboom,https://go.mikemurphy.ai/heilboom,301,TRUE,FALSE,FALSE,FALSE
mikemurphy.co/heilboom/,https://go.mikemurphy.ai/heilboom,301,TRUE,FALSE,FALSE,FALSE
www.mikemurphy.co/heilboom,https://go.mikemurphy.ai/heilboom,301,TRUE,FALSE,FALSE,FALSE
www.mikemurphy.co/heilboom/,https://go.mikemurphy.ai/heilboom,301,TRUE,FALSE,FALSE,FALSE
mikemurphy.co/heilpr40,https://go.mikemurphy.ai/heilpr40,301,TRUE,FALSE,FALSE,FALSE
mikemurphy.co/heilpr40/,https://go.mikemurphy.ai/heilpr40,301,TRUE,FALSE,FALSE,FALSE
www.mikemurphy.co/heilpr40,https://go.mikemurphy.ai/heilpr40,301,TRUE,FALSE,FALSE,FALSE
www.mikemurphy.co/heilpr40/,https://go.mikemurphy.ai/heilpr40,301,TRUE,FALSE,FALSE,FALSE
mikemurphy.co/hosa,https://go.mikemurphy.ai/hosa,301,TRUE,FALSE,FALSE,FALSE
mikemurphy.co/hosa/,https://go.mikemurphy.ai/hosa,301,TRUE,FALSE,FALSE,FALSE
www.mikemurphy.co/hosa,https://go.mikemurphy.ai/hosa,301,TRUE,FALSE,FALSE,FALSE
www.mikemurphy.co/hosa/,https://go.mikemurphy.ai/hosa,301,TRUE,FALSE,FALSE,FALSE
mikemurphy.co/hostinger,https://go.mikemurphy.ai/hostinger,301,TRUE,FALSE,FALSE,FALSE
mikemurphy.co/hostinger/,https://go.mikemurphy.ai/hostinger,301,TRUE,FALSE,FALSE,FALSE
www.mikemurphy.co/hostinger,https://go.mikemurphy.ai/hostinger,301,TRUE,FALSE,FALSE,FALSE
www.mikemurphy.co/hostinger/,https://go.mikemurphy.ai/hostinger,301,TRUE,FALSE,FALSE,FALSE
mikemurphy.co/id3,https://go.mikemurphy.ai/id3,301,TRUE,FALSE,FALSE,FALSE
mikemurphy.co/id3/,https://go.mikemurphy.ai/id3,301,TRUE,FALSE,FALSE,FALSE
www.mikemurphy.co/id3,https://go.mikemurphy.ai/id3,301,TRUE,FALSE,FALSE,FALSE
www.mikemurphy.co/id3/,https://go.mikemurphy.ai/id3,301,TRUE,FALSE,FALSE,FALSE
mikemurphy.co/ikan,https://go.mikemurphy.ai/ikan,301,TRUE,FALSE,FALSE,FALSE
mikemurphy.co/ikan/,https://go.mikemurphy.ai/ikan,301,TRUE,FALSE,FALSE,FALSE
www.mikemurphy.co/ikan,https://go.mikemurphy.ai/ikan,301,TRUE,FALSE,FALSE,FALSE
www.mikemurphy.co/ikan/,https://go.mikemurphy.ai/ikan,301,TRUE,FALSE,FALSE,FALSE
mikemurphy.co/ikan576,https://go.mikemurphy.ai/ikan576,301,TRUE,FALSE,FALSE,FALSE
mikemurphy.co/ikan576/,https://go.mikemurphy.ai/ikan576,301,TRUE,FALSE,FALSE,FALSE
www.mikemurphy.co/ikan576,https://go.mikemurphy.ai/ikan576,301,TRUE,FALSE,FALSE,FALSE
www.mikemurphy.co/ikan576/,https://go.mikemurphy.ai/ikan576,301,TRUE,FALSE,FALSE,FALSE
mikemurphy.co/ikanpl60,https://go.mikemurphy.ai/ikanpl60,301,TRUE,FALSE,FALSE,FALSE
mikemurphy.co/ikanpl60/,https://go.mikemurphy.ai/ikanpl60,301,TRUE,FALSE,FALSE,FALSE
www.mikemurphy.co/ikanpl60,https://go.mikemurphy.ai/ikanpl60,301,TRUE,FALSE,FALSE,FALSE
www.mikemurphy.co/ikanpl60/,https://go.mikemurphy.ai/ikanpl60,301,TRUE,FALSE,FALSE,FALSE
mikemurphy.co/illustrator,https://go.mikemurphy.ai/illustrator,301,TRUE,FALSE,FALSE,FALSE
mikemurphy.co/illustrator/,https://go.mikemurphy.ai/illustrator,301,TRUE,FALSE,FALSE,FALSE
www.mikemurphy.co/illustrator,https://go.mikemurphy.ai/illustrator,301,TRUE,FALSE,FALSE,FALSE
www.mikemurphy.co/illustrator/,https://go.mikemurphy.ai/illustrator,301,TRUE,FALSE,FALSE,FALSE
mikemurphy.co/impactclamp,https://go.mikemurphy.ai/impactclamp,301,TRUE,FALSE,FALSE,FALSE
mikemurphy.co/impactclamp/,https://go.mikemurphy.ai/impactclamp,301,TRUE,FALSE,FALSE,FALSE
www.mikemurphy.co/impactclamp,https://go.mikemurphy.ai/impactclamp,301,TRUE,FALSE,FALSE,FALSE
www.mikemurphy.co/impactclamp/,https://go.mikemurphy.ai/impactclamp,301,TRUE,FALSE,FALSE,FALSE
mikemurphy.co/indesign,https://go.mikemurphy.ai/indesign,301,TRUE,FALSE,FALSE,FALSE
mikemurphy.co/indesign/,https://go.mikemurphy.ai/indesign,301,TRUE,FALSE,FALSE,FALSE
www.mikemurphy.co/indesign,https://go.mikemurphy.ai/indesign,301,TRUE,FALSE,FALSE,FALSE
www.mikemurphy.co/indesign/,https://go.mikemurphy.ai/indesign,301,TRUE,FALSE,FALSE,FALSE
mikemurphy.co/itunes,https://go.mikemurphy.ai/itunes,301,TRUE,FALSE,FALSE,FALSE
mikemurphy.co/itunes/,https://go.mikemurphy.ai/itunes,301,TRUE,FALSE,FALSE,FALSE
www.mikemurphy.co/itunes,https://go.mikemurphy.ai/itunes,301,TRUE,FALSE,FALSE,FALSE
www.mikemurphy.co/itunes/,https://go.mikemurphy.ai/itunes,301,TRUE,FALSE,FALSE,FALSE
mikemurphy.co/jack,https://go.mikemurphy.ai/jack,301,TRUE,FALSE,FALSE,FALSE
mikemurphy.co/jack/,https://go.mikemurphy.ai/jack,301,TRUE,FALSE,FALSE,FALSE
www.mikemurphy.co/jack,https://go.mikemurphy.ai/jack,301,TRUE,FALSE,FALSE,FALSE
www.mikemurphy.co/jack/,https://go.mikemurphy.ai/jack,301,TRUE,FALSE,FALSE,FALSE
mikemurphy.co/joby,https://go.mikemurphy.ai/joby,301,TRUE,FALSE,FALSE,FALSE
mikemurphy.co/joby/,https://go.mikemurphy.ai/joby,301,TRUE,FALSE,FALSE,FALSE
www.mikemurphy.co/joby,https://go.mikemurphy.ai/joby,301,TRUE,FALSE,FALSE,FALSE
www.mikemurphy.co/joby/,https://go.mikemurphy.ai/joby,301,TRUE,FALSE,FALSE,FALSE
mikemurphy.co/join,https://go.mikemurphy.ai/join,301,TRUE,FALSE,FALSE,FALSE
mikemurphy.co/join/,https://go.mikemurphy.ai/join,301,TRUE,FALSE,FALSE,FALSE
www.mikemurphy.co/join,https://go.mikemurphy.ai/join,301,TRUE,FALSE,FALSE,FALSE
www.mikemurphy.co/join/,https://go.mikemurphy.ai/join,301,TRUE,FALSE,FALSE,FALSE
mikemurphy.co/kajabi,https://go.mikemurphy.ai/kajabi,301,TRUE,FALSE,FALSE,FALSE
mikemurphy.co/kajabi/,https://go.mikemurphy.ai/kajabi,301,TRUE,FALSE,FALSE,FALSE
www.mikemurphy.co/kajabi,https://go.mikemurphy.ai/kajabi,301,TRUE,FALSE,FALSE,FALSE
www.mikemurphy.co/kajabi/,https://go.mikemurphy.ai/kajabi,301,TRUE,FALSE,FALSE,FALSE
mikemurphy.co/kit,https://go.mikemurphy.ai/kit,301,TRUE,FALSE,FALSE,FALSE
mikemurphy.co/kit/,https://go.mikemurphy.ai/kit,301,TRUE,FALSE,FALSE,FALSE
www.mikemurphy.co/kit,https://go.mikemurphy.ai/kit,301,TRUE,FALSE,FALSE,FALSE
www.mikemurphy.co/kit/,https://go.mikemurphy.ai/kit,301,TRUE,FALSE,FALSE,FALSE
mikemurphy.co/lacied2,https://go.mikemurphy.ai/lacied2,301,TRUE,FALSE,FALSE,FALSE
mikemurphy.co/lacied2/,https://go.mikemurphy.ai/lacied2,301,TRUE,FALSE,FALSE,FALSE
www.mikemurphy.co/lacied2,https://go.mikemurphy.ai/lacied2,301,TRUE,FALSE,FALSE,FALSE
www.mikemurphy.co/lacied2/,https://go.mikemurphy.ai/lacied2,301,TRUE,FALSE,FALSE,FALSE
mikemurphy.co/ledger,https://go.mikemurphy.ai/ledger,301,TRUE,FALSE,FALSE,FALSE
mikemurphy.co/ledger/,https://go.mikemurphy.ai/ledger,301,TRUE,FALSE,FALSE,FALSE
www.mikemurphy.co/ledger,https://go.mikemurphy.ai/ledger,301,TRUE,FALSE,FALSE,FALSE
www.mikemurphy.co/ledger/,https://go.mikemurphy.ai/ledger,301,TRUE,FALSE,FALSE,FALSE
mikemurphy.co/lightroom,https://go.mikemurphy.ai/lightroom,301,TRUE,FALSE,FALSE,FALSE
mikemurphy.co/lightroom/,https://go.mikemurphy.ai/lightroom,301,TRUE,FALSE,FALSE,FALSE
www.mikemurphy.co/lightroom,https://go.mikemurphy.ai/lightroom,301,TRUE,FALSE,FALSE,FALSE
www.mikemurphy.co/lightroom/,https://go.mikemurphy.ai/lightroom,301,TRUE,FALSE,FALSE,FALSE
mikemurphy.co/linkedin,https://go.mikemurphy.ai/linkedin,301,TRUE,FALSE,FALSE,FALSE
mikemurphy.co/linkedin/,https://go.mikemurphy.ai/linkedin,301,TRUE,FALSE,FALSE,FALSE
www.mikemurphy.co/linkedin,https://go.mikemurphy.ai/linkedin,301,TRUE,FALSE,FALSE,FALSE
www.mikemurphy.co/linkedin/,https://go.mikemurphy.ai/linkedin,301,TRUE,FALSE,FALSE,FALSE
mikemurphy.co/live,https://go.mikemurphy.ai/live,301,TRUE,FALSE,FALSE,FALSE
mikemurphy.co/live/,https://go.mikemurphy.ai/live,301,TRUE,FALSE,FALSE,FALSE
www.mikemurphy.co/live,https://go.mikemurphy.ai/live,301,TRUE,FALSE,FALSE,FALSE
www.mikemurphy.co/live/,https://go.mikemurphy.ai/live,301,TRUE,FALSE,FALSE,FALSE
mikemurphy.co/lumecube,https://go.mikemurphy.ai/lumecube,301,TRUE,FALSE,FALSE,FALSE
mikemurphy.co/lumecube/,https://go.mikemurphy.ai/lumecube,301,TRUE,FALSE,FALSE,FALSE
www.mikemurphy.co/lumecube,https://go.mikemurphy.ai/lumecube,301,TRUE,FALSE,FALSE,FALSE
www.mikemurphy.co/lumecube/,https://go.mikemurphy.ai/lumecube,301,TRUE,FALSE,FALSE,FALSE
mikemurphy.co/lumimuse,https://go.mikemurphy.ai/lumimuse,301,TRUE,FALSE,FALSE,FALSE
mikemurphy.co/lumimuse/,https://go.mikemurphy.ai/lumimuse,301,TRUE,FALSE,FALSE,FALSE
www.mikemurphy.co/lumimuse,https://go.mikemurphy.ai/lumimuse,301,TRUE,FALSE,FALSE,FALSE
www.mikemurphy.co/lumimuse/,https://go.mikemurphy.ai/lumimuse,301,TRUE,FALSE,FALSE,FALSE
mikemurphy.co/mackieprofx8,https://go.mikemurphy.ai/mackieprofx8,301,TRUE,FALSE,FALSE,FALSE
mikemurphy.co/mackieprofx8/,https://go.mikemurphy.ai/mackieprofx8,301,TRUE,FALSE,FALSE,FALSE
www.mikemurphy.co/mackieprofx8,https://go.mikemurphy.ai/mackieprofx8,301,TRUE,FALSE,FALSE,FALSE
www.mikemurphy.co/mackieprofx8/,https://go.mikemurphy.ai/mackieprofx8,301,TRUE,FALSE,FALSE,FALSE
mikemurphy.co/manfrottoarm,https://go.mikemurphy.ai/manfrottoarm,301,TRUE,FALSE,FALSE,FALSE
mikemurphy.co/manfrottoarm/,https://go.mikemurphy.ai/manfrottoarm,301,TRUE,FALSE,FALSE,FALSE
www.mikemurphy.co/manfrottoarm,https://go.mikemurphy.ai/manfrottoarm,301,TRUE,FALSE,FALSE,FALSE
www.mikemurphy.co/manfrottoarm/,https://go.mikemurphy.ai/manfrottoarm,301,TRUE,FALSE,FALSE,FALSE
mikemurphy.co/manfrottobracket,https://go.mikemurphy.ai/manfrottobracket,301,TRUE,FALSE,FALSE,FALSE
mikemurphy.co/manfrottobracket/,https://go.mikemurphy.ai/manfrottobracket,301,TRUE,FALSE,FALSE,FALSE
www.mikemurphy.co/manfrottobracket,https://go.mikemurphy.ai/manfrottobracket,301,TRUE,FALSE,FALSE,FALSE
www.mikemurphy.co/manfrottobracket/,https://go.mikemurphy.ai/manfrottobracket,301,TRUE,FALSE,FALSE,FALSE
mikemurphy.co/manfrottoflex,https://go.mikemurphy.ai/manfrottoflex,301,TRUE,FALSE,FALSE,FALSE
mikemurphy.co/manfrottoflex/,https://go.mikemurphy.ai/manfrottoflex,301,TRUE,FALSE,FALSE,FALSE
www.mikemurphy.co/manfrottoflex,https://go.mikemurphy.ai/manfrottoflex,301,TRUE,FALSE,FALSE,FALSE
www.mikemurphy.co/manfrottoflex/,https://go.mikemurphy.ai/manfrottoflex,301,TRUE,FALSE,FALSE,FALSE
mikemurphy.co/manfrottoiphone,https://go.mikemurphy.ai/manfrottoiphone,301,TRUE,FALSE,FALSE,FALSE
mikemurphy.co/manfrottoiphone/,https://go.mikemurphy.ai/manfrottoiphone,301,TRUE,FALSE,FALSE,FALSE
www.mikemurphy.co/manfrottoiphone,https://go.mikemurphy.ai/manfrottoiphone,301,TRUE,FALSE,FALSE,FALSE
www.mikemurphy.co/manfrottoiphone/,https://go.mikemurphy.ai/manfrottoiphone,301,TRUE,FALSE,FALSE,FALSE
mikemurphy.co/medium,https://go.mikemurphy.ai/medium,301,TRUE,FALSE,FALSE,FALSE
mikemurphy.co/medium/,https://go.mikemurphy.ai/medium,301,TRUE,FALSE,FALSE,FALSE
www.mikemurphy.co/medium,https://go.mikemurphy.ai/medium,301,TRUE,FALSE,FALSE,FALSE
www.mikemurphy.co/medium/,https://go.mikemurphy.ai/medium,301,TRUE,FALSE,FALSE,FALSE
mikemurphy.co/mmu,https://go.mikemurphy.ai/mmu,301,TRUE,FALSE,FALSE,FALSE
mikemurphy.co/mmu/,https://go.mikemurphy.ai/mmu,301,TRUE,FALSE,FALSE,FALSE
www.mikemurphy.co/mmu,https://go.mikemurphy.ai/mmu,301,TRUE,FALSE,FALSE,FALSE
www.mikemurphy.co/mmu/,https://go.mikemurphy.ai/mmu,301,TRUE,FALSE,FALSE,FALSE
mikemurphy.co/monopod,https://go.mikemurphy.ai/monopod,301,TRUE,FALSE,FALSE,FALSE
mikemurphy.co/monopod/,https://go.mikemurphy.ai/monopod,301,TRUE,FALSE,FALSE,FALSE
www.mikemurphy.co/monopod,https://go.mikemurphy.ai/monopod,301,TRUE,FALSE,FALSE,FALSE
www.mikemurphy.co/monopod/,https://go.mikemurphy.ai/monopod,301,TRUE,FALSE,FALSE,FALSE
mikemurphy.co/mrbeams,https://go.mikemurphy.ai/mrbeams,301,TRUE,FALSE,FALSE,FALSE
mikemurphy.co/mrbeams/,https://go.mikemurphy.ai/mrbeams,301,TRUE,FALSE,FALSE,FALSE
www.mikemurphy.co/mrbeams,https://go.mikemurphy.ai/mrbeams,301,TRUE,FALSE,FALSE,FALSE
www.mikemurphy.co/mrbeams/,https://go.mikemurphy.ai/mrbeams,301,TRUE,FALSE,FALSE,FALSE
mikemurphy.co/mstand,https://go.mikemurphy.ai/mstand,301,TRUE,FALSE,FALSE,FALSE
mikemurphy.co/mstand/,https://go.mikemurphy.ai/mstand,301,TRUE,FALSE,FALSE,FALSE
www.mikemurphy.co/mstand,https://go.mikemurphy.ai/mstand,301,TRUE,FALSE,FALSE,FALSE
www.mikemurphy.co/mstand/,https://go.mikemurphy.ai/mstand,301,TRUE,FALSE,FALSE,FALSE
mikemurphy.co/muji,https://go.mikemurphy.ai/muji,301,TRUE,FALSE,FALSE,FALSE
mikemurphy.co/muji/,https://go.mikemurphy.ai/muji,301,TRUE,FALSE,FALSE,FALSE
www.mikemurphy.co/muji,https://go.mikemurphy.ai/muji,301,TRUE,FALSE,FALSE,FALSE
www.mikemurphy.co/muji/,https://go.mikemurphy.ai/muji,301,TRUE,FALSE,FALSE,FALSE
mikemurphy.co/mxmastermouse,https://go.mikemurphy.ai/mxmastermouse,301,TRUE,FALSE,FALSE,FALSE
mikemurphy.co/mxmastermouse/,https://go.mikemurphy.ai/mxmastermouse,301,TRUE,FALSE,FALSE,FALSE
www.mikemurphy.co/mxmastermouse,https://go.mikemurphy.ai/mxmastermouse,301,TRUE,FALSE,FALSE,FALSE
www.mikemurphy.co/mxmastermouse/,https://go.mikemurphy.ai/mxmastermouse,301,TRUE,FALSE,FALSE,FALSE
mikemurphy.co/my325,https://go.mikemurphy.ai/my325,301,TRUE,FALSE,FALSE,FALSE
mikemurphy.co/my325/,https://go.mikemurphy.ai/my325,301,TRUE,FALSE,FALSE,FALSE
www.mikemurphy.co/my325,https://go.mikemurphy.ai/my325,301,TRUE,FALSE,FALSE,FALSE
www.mikemurphy.co/my325/,https://go.mikemurphy.ai/my325,301,TRUE,FALSE,FALSE,FALSE
mikemurphy.co/my420,https://go.mikemurphy.ai/my420,301,TRUE,FALSE,FALSE,FALSE
mikemurphy.co/my420/,https://go.mikemurphy.ai/my420,301,TRUE,FALSE,FALSE,FALSE
www.mikemurphy.co/my420,https://go.mikemurphy.ai/my420,301,TRUE,FALSE,FALSE,FALSE
www.mikemurphy.co/my420/,https://go.mikemurphy.ai/my420,301,TRUE,FALSE,FALSE,FALSE
mikemurphy.co/n8n,https://go.mikemurphy.ai/n8n,301,TRUE,FALSE,FALSE,FALSE
mikemurphy.co/n8n/,https://go.mikemurphy.ai/n8n,301,TRUE,FALSE,FALSE,FALSE
www.mikemurphy.co/n8n,https://go.mikemurphy.ai/n8n,301,TRUE,FALSE,FALSE,FALSE
www.mikemurphy.co/n8n/,https://go.mikemurphy.ai/n8n,301,TRUE,FALSE,FALSE,FALSE
mikemurphy.co/neuralframes,https://go.mikemurphy.ai/neuralframes,301,TRUE,FALSE,FALSE,FALSE
mikemurphy.co/neuralframes/,https://go.mikemurphy.ai/neuralframes,301,TRUE,FALSE,FALSE,FALSE
www.mikemurphy.co/neuralframes,https://go.mikemurphy.ai/neuralframes,301,TRUE,FALSE,FALSE,FALSE
www.mikemurphy.co/neuralframes/,https://go.mikemurphy.ai/neuralframes,301,TRUE,FALSE,FALSE,FALSE
mikemurphy.co/newsletter,https://go.mikemurphy.ai/newsletter,301,TRUE,FALSE,FALSE,FALSE
mikemurphy.co/newsletter/,https://go.mikemurphy.ai/newsletter,301,TRUE,FALSE,FALSE,FALSE
www.mikemurphy.co/newsletter,https://go.mikemurphy.ai/newsletter,301,TRUE,FALSE,FALSE,FALSE
www.mikemurphy.co/newsletter/,https://go.mikemurphy.ai/newsletter,301,TRUE,FALSE,FALSE,FALSE
mikemurphy.co/nt1a,https://go.mikemurphy.ai/nt1a,301,TRUE,FALSE,FALSE,FALSE
mikemurphy.co/nt1a/,https://go.mikemurphy.ai/nt1a,301,TRUE,FALSE,FALSE,FALSE
www.mikemurphy.co/nt1a,https://go.mikemurphy.ai/nt1a,301,TRUE,FALSE,FALSE,FALSE
www.mikemurphy.co/nt1a/,https://go.mikemurphy.ai/nt1a,301,TRUE,FALSE,FALSE,FALSE
mikemurphy.co/ntg3,https://go.mikemurphy.ai/ntg3,301,TRUE,FALSE,FALSE,FALSE
mikemurphy.co/ntg3/,https://go.mikemurphy.ai/ntg3,301,TRUE,FALSE,FALSE,FALSE
www.mikemurphy.co/ntg3,https://go.mikemurphy.ai/ntg3,301,TRUE,FALSE,FALSE,FALSE
www.mikemurphy.co/ntg3/,https://go.mikemurphy.ai/ntg3,301,TRUE,FALSE,FALSE,FALSE
mikemurphy.co/nutribullet,https://go.mikemurphy.ai/nutribullet,301,TRUE,FALSE,FALSE,FALSE
mikemurphy.co/nutribullet/,https://go.mikemurphy.ai/nutribullet,301,TRUE,FALSE,FALSE,FALSE
www.mikemurphy.co/nutribullet,https://go.mikemurphy.ai/nutribullet,301,TRUE,FALSE,FALSE,FALSE
www.mikemurphy.co/nutribullet/,https://go.mikemurphy.ai/nutribullet,301,TRUE,FALSE,FALSE,FALSE
mikemurphy.co/obenballhead,https://go.mikemurphy.ai/obenballhead,301,TRUE,FALSE,FALSE,FALSE
mikemurphy.co/obenballhead/,https://go.mikemurphy.ai/obenballhead,301,TRUE,FALSE,FALSE,FALSE
www.mikemurphy.co/obenballhead,https://go.mikemurphy.ai/obenballhead,301,TRUE,FALSE,FALSE,FALSE
www.mikemurphy.co/obenballhead/,https://go.mikemurphy.ai/obenballhead,301,TRUE,FALSE,FALSE,FALSE
mikemurphy.co/olloclip,https://go.mikemurphy.ai/olloclip,301,TRUE,FALSE,FALSE,FALSE
mikemurphy.co/olloclip/,https://go.mikemurphy.ai/olloclip,301,TRUE,FALSE,FALSE,FALSE
www.mikemurphy.co/olloclip,https://go.mikemurphy.ai/olloclip,301,TRUE,FALSE,FALSE,FALSE
www.mikemurphy.co/olloclip/,https://go.mikemurphy.ai/olloclip,301,TRUE,FALSE,FALSE,FALSE
mikemurphy.co/onstagequickrelease,https://go.mikemurphy.ai/onstagequickrelease,301,TRUE,FALSE,FALSE,FALSE
mikemurphy.co/onstagequickrelease/,https://go.mikemurphy.ai/onstagequickrelease,301,TRUE,FALSE,FALSE,FALSE
www.mikemurphy.co/onstagequickrelease,https://go.mikemurphy.ai/onstagequickrelease,301,TRUE,FALSE,FALSE,FALSE
www.mikemurphy.co/onstagequickrelease/,https://go.mikemurphy.ai/onstagequickrelease,301,TRUE,FALSE,FALSE,FALSE
mikemurphy.co/onstagetripod,https://go.mikemurphy.ai/onstagetripod,301,TRUE,FALSE,FALSE,FALSE
mikemurphy.co/onstagetripod/,https://go.mikemurphy.ai/onstagetripod,301,TRUE,FALSE,FALSE,FALSE
www.mikemurphy.co/onstagetripod,https://go.mikemurphy.ai/onstagetripod,301,TRUE,FALSE,FALSE,FALSE
www.mikemurphy.co/onstagetripod/,https://go.mikemurphy.ai/onstagetripod,301,TRUE,FALSE,FALSE,FALSE
mikemurphy.co/pastissues,https://go.mikemurphy.ai/pastissues,301,TRUE,FALSE,FALSE,FALSE
mikemurphy.co/pastissues/,https://go.mikemurphy.ai/pastissues,301,TRUE,FALSE,FALSE,FALSE
www.mikemurphy.co/pastissues,https://go.mikemurphy.ai/pastissues,301,TRUE,FALSE,FALSE,FALSE
www.mikemurphy.co/pastissues/,https://go.mikemurphy.ai/pastissues,301,TRUE,FALSE,FALSE,FALSE
mikemurphy.co/paypal,https://go.mikemurphy.ai/paypal,301,TRUE,FALSE,FALSE,FALSE
mikemurphy.co/paypal/,https://go.mikemurphy.ai/paypal,301,TRUE,FALSE,FALSE,FALSE
www.mikemurphy.co/paypal,https://go.mikemurphy.ai/paypal,301,TRUE,FALSE,FALSE,FALSE
www.mikemurphy.co/paypal/,https://go.mikemurphy.ai/paypal,301,TRUE,FALSE,FALSE,FALSE
mikemurphy.co/photoshop,https://go.mikemurphy.ai/photoshop,301,TRUE,FALSE,FALSE,FALSE
mikemurphy.co/photoshop/,https://go.mikemurphy.ai/photoshop,301,TRUE,FALSE,FALSE,FALSE
www.mikemurphy.co/photoshop,https://go.mikemurphy.ai/photoshop,301,TRUE,FALSE,FALSE,FALSE
www.mikemurphy.co/photoshop/,https://go.mikemurphy.ai/photoshop,301,TRUE,FALSE,FALSE,FALSE
mikemurphy.co/pinterest,https://go.mikemurphy.ai/pinterest,301,TRUE,FALSE,FALSE,FALSE
mikemurphy.co/pinterest/,https://go.mikemurphy.ai/pinterest,301,TRUE,FALSE,FALSE,FALSE
www.mikemurphy.co/pinterest,https://go.mikemurphy.ai/pinterest,301,TRUE,FALSE,FALSE,FALSE
www.mikemurphy.co/pinterest/,https://go.mikemurphy.ai/pinterest,301,TRUE,FALSE,FALSE,FALSE
mikemurphy.co/pixi,https://go.mikemurphy.ai/pixi,301,TRUE,FALSE,FALSE,FALSE
mikemurphy.co/pixi/,https://go.mikemurphy.ai/pixi,301,TRUE,FALSE,FALSE,FALSE
www.mikemurphy.co/pixi,https://go.mikemurphy.ai/pixi,301,TRUE,FALSE,FALSE,FALSE
www.mikemurphy.co/pixi/,https://go.mikemurphy.ai/pixi,301,TRUE,FALSE,FALSE,FALSE
mikemurphy.co/plug,https://go.mikemurphy.ai/plug,301,TRUE,FALSE,FALSE,FALSE
mikemurphy.co/plug/,https://go.mikemurphy.ai/plug,301,TRUE,FALSE,FALSE,FALSE
www.mikemurphy.co/plug,https://go.mikemurphy.ai/plug,301,TRUE,FALSE,FALSE,FALSE
www.mikemurphy.co/plug/,https://go.mikemurphy.ai/plug,301,TRUE,FALSE,FALSE,FALSE
mikemurphy.co/podcast,https://go.mikemurphy.ai/podcast,301,TRUE,FALSE,FALSE,FALSE
mikemurphy.co/podcast/,https://go.mikemurphy.ai/podcast,301,TRUE,FALSE,FALSE,FALSE
www.mikemurphy.co/podcast,https://go.mikemurphy.ai/podcast,301,TRUE,FALSE,FALSE,FALSE
www.mikemurphy.co/podcast/,https://go.mikemurphy.ai/podcast,301,TRUE,FALSE,FALSE,FALSE
mikemurphy.co/podgear,https://go.mikemurphy.ai/podgear,301,TRUE,FALSE,FALSE,FALSE
mikemurphy.co/podgear/,https://go.mikemurphy.ai/podgear,301,TRUE,FALSE,FALSE,FALSE
www.mikemurphy.co/podgear,https://go.mikemurphy.ai/podgear,301,TRUE,FALSE,FALSE,FALSE
www.mikemurphy.co/podgear/,https://go.mikemurphy.ai/podgear,301,TRUE,FALSE,FALSE,FALSE
mikemurphy.co/premierepro,https://go.mikemurphy.ai/premierepro,301,TRUE,FALSE,FALSE,FALSE
mikemurphy.co/premierepro/,https://go.mikemurphy.ai/premierepro,301,TRUE,FALSE,FALSE,FALSE
www.mikemurphy.co/premierepro,https://go.mikemurphy.ai/premierepro,301,TRUE,FALSE,FALSE,FALSE
www.mikemurphy.co/premierepro/,https://go.mikemurphy.ai/premierepro,301,TRUE,FALSE,FALSE,FALSE
mikemurphy.co/procaster,https://go.mikemurphy.ai/procaster,301,TRUE,FALSE,FALSE,FALSE
mikemurphy.co/procaster/,https://go.mikemurphy.ai/procaster,301,TRUE,FALSE,FALSE,FALSE
www.mikemurphy.co/procaster,https://go.mikemurphy.ai/procaster,301,TRUE,FALSE,FALSE,FALSE
www.mikemurphy.co/procaster/,https://go.mikemurphy.ai/procaster,301,TRUE,FALSE,FALSE,FALSE
mikemurphy.co/q2u,https://go.mikemurphy.ai/q2u,301,TRUE,FALSE,FALSE,FALSE
mikemurphy.co/q2u/,https://go.mikemurphy.ai/q2u,301,TRUE,FALSE,FALSE,FALSE
www.mikemurphy.co/q2u,https://go.mikemurphy.ai/q2u,301,TRUE,FALSE,FALSE,FALSE
www.mikemurphy.co/q2u/,https://go.mikemurphy.ai/q2u,301,TRUE,FALSE,FALSE,FALSE
mikemurphy.co/q40,https://go.mikemurphy.ai/q40,301,TRUE,FALSE,FALSE,FALSE
mikemurphy.co/q40/,https://go.mikemurphy.ai/q40,301,TRUE,FALSE,FALSE,FALSE
www.mikemurphy.co/q40,https://go.mikemurphy.ai/q40,301,TRUE,FALSE,FALSE,FALSE
www.mikemurphy.co/q40/,https://go.mikemurphy.ai/q40,301,TRUE,FALSE,FALSE,FALSE
mikemurphy.co/quickrelease,https://go.mikemurphy.ai/quickrelease,301,TRUE,FALSE,FALSE,FALSE
mikemurphy.co/quickrelease/,https://go.mikemurphy.ai/quickrelease,301,TRUE,FALSE,FALSE,FALSE
www.mikemurphy.co/quickrelease,https://go.mikemurphy.ai/quickrelease,301,TRUE,FALSE,FALSE,FALSE
www.mikemurphy.co/quickrelease/,https://go.mikemurphy.ai/quickrelease,301,TRUE,FALSE,FALSE,FALSE
mikemurphy.co/re20,https://go.mikemurphy.ai/re20,301,TRUE,FALSE,FALSE,FALSE
mikemurphy.co/re20/,https://go.mikemurphy.ai/re20,301,TRUE,FALSE,FALSE,FALSE
www.mikemurphy.co/re20,https://go.mikemurphy.ai/re20,301,TRUE,FALSE,FALSE,FALSE
www.mikemurphy.co/re20/,https://go.mikemurphy.ai/re20,301,TRUE,FALSE,FALSE,FALSE
mikemurphy.co/re320,https://go.mikemurphy.ai/re320,301,TRUE,FALSE,FALSE,FALSE
mikemurphy.co/re320/,https://go.mikemurphy.ai/re320,301,TRUE,FALSE,FALSE,FALSE
www.mikemurphy.co/re320,https://go.mikemurphy.ai/re320,301,TRUE,FALSE,FALSE,FALSE
www.mikemurphy.co/re320/,https://go.mikemurphy.ai/re320,301,TRUE,FALSE,FALSE,FALSE
mikemurphy.co/rm2,https://go.mikemurphy.ai/rm2,301,TRUE,FALSE,FALSE,FALSE
mikemurphy.co/rm2/,https://go.mikemurphy.ai/rm2,301,TRUE,FALSE,FALSE,FALSE
www.mikemurphy.co/rm2,https://go.mikemurphy.ai/rm2,301,TRUE,FALSE,FALSE,FALSE
www.mikemurphy.co/rm2/,https://go.mikemurphy.ai/rm2,301,TRUE,FALSE,FALSE,FALSE
mikemurphy.co/roadmap,https://go.mikemurphy.ai/roadmap,301,TRUE,FALSE,FALSE,FALSE
mikemurphy.co/roadmap/,https://go.mikemurphy.ai/roadmap,301,TRUE,FALSE,FALSE,FALSE
www.mikemurphy.co/roadmap,https://go.mikemurphy.ai/roadmap,301,TRUE,FALSE,FALSE,FALSE
www.mikemurphy.co/roadmap/,https://go.mikemurphy.ai/roadmap,301,TRUE,FALSE,FALSE,FALSE
mikemurphy.co/rodeextension,https://go.mikemurphy.ai/rodeextension,301,TRUE,FALSE,FALSE,FALSE
mikemurphy.co/rodeextension/,https://go.mikemurphy.ai/rodeextension,301,TRUE,FALSE,FALSE,FALSE
www.mikemurphy.co/rodeextension,https://go.mikemurphy.ai/rodeextension,301,TRUE,FALSE,FALSE,FALSE
www.mikemurphy.co/rodeextension/,https://go.mikemurphy.ai/rodeextension,301,TRUE,FALSE,FALSE,FALSE
mikemurphy.co/rodego,https://go.mikemurphy.ai/rodego,301,TRUE,FALSE,FALSE,FALSE
mikemurphy.co/rodego/,https://go.mikemurphy.ai/rodego,301,TRUE,FALSE,FALSE,FALSE
www.mikemurphy.co/rodego,https://go.mikemurphy.ai/rodego,301,TRUE,FALSE,FALSE,FALSE
www.mikemurphy.co/rodego/,https://go.mikemurphy.ai/rodego,301,TRUE,FALSE,FALSE,FALSE
mikemurphy.co/rodeme,https://go.mikemurphy.ai/rodeme,301,TRUE,FALSE,FALSE,FALSE
mikemurphy.co/rodeme/,https://go.mikemurphy.ai/rodeme,301,TRUE,FALSE,FALSE,FALSE
www.mikemurphy.co/rodeme,https://go.mikemurphy.ai/rodeme,301,TRUE,FALSE,FALSE,FALSE
www.mikemurphy.co/rodeme/,https://go.mikemurphy.ai/rodeme,301,TRUE,FALSE,FALSE,FALSE
mikemurphy.co/rodemicro,https://go.mikemurphy.ai/rodemicro,301,TRUE,FALSE,FALSE,FALSE
mikemurphy.co/rodemicro/,https://go.mikemurphy.ai/rodemicro,301,TRUE,FALSE,FALSE,FALSE
www.mikemurphy.co/rodemicro,https://go.mikemurphy.ai/rodemicro,301,TRUE,FALSE,FALSE,FALSE
www.mikemurphy.co/rodemicro/,https://go.mikemurphy.ai/rodemicro,301,TRUE,FALSE,FALSE,FALSE
mikemurphy.co/rodepodcaster,https://go.mikemurphy.ai/rodepodcaster,301,TRUE,FALSE,FALSE,FALSE
mikemurphy.co/rodepodcaster/,https://go.mikemurphy.ai/rodepodcaster,301,TRUE,FALSE,FALSE,FALSE
www.mikemurphy.co/rodepodcaster,https://go.mikemurphy.ai/rodepodcaster,301,TRUE,FALSE,FALSE,FALSE
www.mikemurphy.co/rodepodcaster/,https://go.mikemurphy.ai/rodepodcaster,301,TRUE,FALSE,FALSE,FALSE
mikemurphy.co/rodeprocaster,https://go.mikemurphy.ai/rodeprocaster,301,TRUE,FALSE,FALSE,FALSE
mikemurphy.co/rodeprocaster/,https://go.mikemurphy.ai/rodeprocaster,301,TRUE,FALSE,FALSE,FALSE
www.mikemurphy.co/rodeprocaster,https://go.mikemurphy.ai/rodeprocaster,301,TRUE,FALSE,FALSE,FALSE
www.mikemurphy.co/rodeprocaster/,https://go.mikemurphy.ai/rodeprocaster,301,TRUE,FALSE,FALSE,FALSE
mikemurphy.co/rodepsa1,https://go.mikemurphy.ai/rodepsa1,301,TRUE,FALSE,FALSE,FALSE
mikemurphy.co/rodepsa1/,https://go.mikemurphy.ai/rodepsa1,301,TRUE,FALSE,FALSE,FALSE
www.mikemurphy.co/rodepsa1,https://go.mikemurphy.ai/rodepsa1,301,TRUE,FALSE,FALSE,FALSE
www.mikemurphy.co/rodepsa1/,https://go.mikemurphy.ai/rodepsa1,301,TRUE,FALSE,FALSE,FALSE
mikemurphy.co/rodesc3,https://go.mikemurphy.ai/rodesc3,301,TRUE,FALSE,FALSE,FALSE
mikemurphy.co/rodesc3/,https://go.mikemurphy.ai/rodesc3,301,TRUE,FALSE,FALSE,FALSE
www.mikemurphy.co/rodesc3,https://go.mikemurphy.ai/rodesc3,301,TRUE,FALSE,FALSE,FALSE
www.mikemurphy.co/rodesc3/,https://go.mikemurphy.ai/rodesc3,301,TRUE,FALSE,FALSE,FALSE
mikemurphy.co/rodesc4,https://go.mikemurphy.ai/rodesc4,301,TRUE,FALSE,FALSE,FALSE
mikemurphy.co/rodesc4/,https://go.mikemurphy.ai/rodesc4,301,TRUE,FALSE,FALSE,FALSE
www.mikemurphy.co/rodesc4,https://go.mikemurphy.ai/rodesc4,301,TRUE,FALSE,FALSE,FALSE
www.mikemurphy.co/rodesc4/,https://go.mikemurphy.ai/rodesc4,301,TRUE,FALSE,FALSE,FALSE
mikemurphy.co/rodevxlr,https://go.mikemurphy.ai/rodevxlr,301,TRUE,FALSE,FALSE,FALSE
mikemurphy.co/rodevxlr/,https://go.mikemurphy.ai/rodevxlr,301,TRUE,FALSE,FALSE,FALSE
www.mikemurphy.co/rodevxlr,https://go.mikemurphy.ai/rodevxlr,301,TRUE,FALSE,FALSE,FALSE
www.mikemurphy.co/rodevxlr/,https://go.mikemurphy.ai/rodevxlr,301,TRUE,FALSE,FALSE,FALSE
mikemurphy.co/rugged,https://go.mikemurphy.ai/rugged,301,TRUE,FALSE,FALSE,FALSE
mikemurphy.co/rugged/,https://go.mikemurphy.ai/rugged,301,TRUE,FALSE,FALSE,FALSE
www.mikemurphy.co/rugged,https://go.mikemurphy.ai/rugged,301,TRUE,FALSE,FALSE,FALSE
www.mikemurphy.co/rugged/,https://go.mikemurphy.ai/rugged,301,TRUE,FALSE,FALSE,FALSE
mikemurphy.co/sandisk,https://go.mikemurphy.ai/sandisk,301,TRUE,FALSE,FALSE,FALSE
mikemurphy.co/sandisk/,https://go.mikemurphy.ai/sandisk,301,TRUE,FALSE,FALSE,FALSE
www.mikemurphy.co/sandisk,https://go.mikemurphy.ai/sandisk,301,TRUE,FALSE,FALSE,FALSE
www.mikemurphy.co/sandisk/,https://go.mikemurphy.ai/sandisk,301,TRUE,FALSE,FALSE,FALSE
mikemurphy.co/scarlett,https://go.mikemurphy.ai/scarlett,301,TRUE,FALSE,FALSE,FALSE
mikemurphy.co/scarlett/,https://go.mikemurphy.ai/scarlett,301,TRUE,FALSE,FALSE,FALSE
www.mikemurphy.co/scarlett,https://go.mikemurphy.ai/scarlett,301,TRUE,FALSE,FALSE,FALSE
www.mikemurphy.co/scarlett/,https://go.mikemurphy.ai/scarlett,301,TRUE,FALSE,FALSE,FALSE
mikemurphy.co/schedule,https://go.mikemurphy.ai/schedule,301,TRUE,FALSE,FALSE,FALSE
mikemurphy.co/schedule/,https://go.mikemurphy.ai/schedule,301,TRUE,FALSE,FALSE,FALSE
www.mikemurphy.co/schedule,https://go.mikemurphy.ai/schedule,301,TRUE,FALSE,FALSE,FALSE
www.mikemurphy.co/schedule/,https://go.mikemurphy.ai/schedule,301,TRUE,FALSE,FALSE,FALSE
mikemurphy.co/screenflow,https://go.mikemurphy.ai/screenflow,301,TRUE,FALSE,FALSE,FALSE
mikemurphy.co/screenflow/,https://go.mikemurphy.ai/screenflow,301,TRUE,FALSE,FALSE,FALSE
www.mikemurphy.co/screenflow,https://go.mikemurphy.ai/screenflow,301,TRUE,FALSE,FALSE,FALSE
www.mikemurphy.co/screenflow/,https://go.mikemurphy.ai/screenflow,301,TRUE,FALSE,FALSE,FALSE
mikemurphy.co/scrivener,https://go.mikemurphy.ai/scrivener,301,TRUE,FALSE,FALSE,FALSE
mikemurphy.co/scrivener/,https://go.mikemurphy.ai/scrivener,301,TRUE,FALSE,FALSE,FALSE
www.mikemurphy.co/scrivener,https://go.mikemurphy.ai/scrivener,301,TRUE,FALSE,FALSE,FALSE
www.mikemurphy.co/scrivener/,https://go.mikemurphy.ai/scrivener,301,TRUE,FALSE,FALSE,FALSE
mikemurphy.co/shirts,https://go.mikemurphy.ai/shirts,301,TRUE,FALSE,FALSE,FALSE
mikemurphy.co/shirts/,https://go.mikemurphy.ai/shirts,301,TRUE,FALSE,FALSE,FALSE
www.mikemurphy.co/shirts,https://go.mikemurphy.ai/shirts,301,TRUE,FALSE,FALSE,FALSE
www.mikemurphy.co/shirts/,https://go.mikemurphy.ai/shirts,301,TRUE,FALSE,FALSE,FALSE
mikemurphy.co/shlink,https://go.mikemurphy.ai/shlink,301,TRUE,FALSE,FALSE,FALSE
mikemurphy.co/shlink/,https://go.mikemurphy.ai/shlink,301,TRUE,FALSE,FALSE,FALSE
www.mikemurphy.co/shlink,https://go.mikemurphy.ai/shlink,301,TRUE,FALSE,FALSE,FALSE
www.mikemurphy.co/shlink/,https://go.mikemurphy.ai/shlink,301,TRUE,FALSE,FALSE,FALSE
mikemurphy.co/shopify,https://go.mikemurphy.ai/shopify,301,TRUE,FALSE,FALSE,FALSE
mikemurphy.co/shopify/,https://go.mikemurphy.ai/shopify,301,TRUE,FALSE,FALSE,FALSE
www.mikemurphy.co/shopify,https://go.mikemurphy.ai/shopify,301,TRUE,FALSE,FALSE,FALSE
www.mikemurphy.co/shopify/,https://go.mikemurphy.ai/shopify,301,TRUE,FALSE,FALSE,FALSE
mikemurphy.co/shopping,https://go.mikemurphy.ai/shopping,301,TRUE,FALSE,FALSE,FALSE
mikemurphy.co/shopping/,https://go.mikemurphy.ai/shopping,301,TRUE,FALSE,FALSE,FALSE
www.mikemurphy.co/shopping,https://go.mikemurphy.ai/shopping,301,TRUE,FALSE,FALSE,FALSE
www.mikemurphy.co/shopping/,https://go.mikemurphy.ai/shopping,301,TRUE,FALSE,FALSE,FALSE
mikemurphy.co/shurefoam,https://go.mikemurphy.ai/shurefoam,301,TRUE,FALSE,FALSE,FALSE
mikemurphy.co/shurefoam/,https://go.mikemurphy.ai/shurefoam,301,TRUE,FALSE,FALSE,FALSE
www.mikemurphy.co/shurefoam,https://go.mikemurphy.ai/shurefoam,301,TRUE,FALSE,FALSE,FALSE
www.mikemurphy.co/shurefoam/,https://go.mikemurphy.ai/shurefoam,301,TRUE,FALSE,FALSE,FALSE
mikemurphy.co/sidekick,https://go.mikemurphy.ai/sidekick,301,TRUE,FALSE,FALSE,FALSE
mikemurphy.co/sidekick/,https://go.mikemurphy.ai/sidekick,301,TRUE,FALSE,FALSE,FALSE
www.mikemurphy.co/sidekick,https://go.mikemurphy.ai/sidekick,301,TRUE,FALSE,FALSE,FALSE
www.mikemurphy.co/sidekick/,https://go.mikemurphy.ai/sidekick,301,TRUE,FALSE,FALSE,FALSE
mikemurphy.co/siteground,https://go.mikemurphy.ai/siteground,301,TRUE,FALSE,FALSE,FALSE
mikemurphy.co/siteground/,https://go.mikemurphy.ai/siteground,301,TRUE,FALSE,FALSE,FALSE
www.mikemurphy.co/siteground,https://go.mikemurphy.ai/siteground,301,TRUE,FALSE,FALSE,FALSE
www.mikemurphy.co/siteground/,https://go.mikemurphy.ai/siteground,301,TRUE,FALSE,FALSE,FALSE
mikemurphy.co/skillshare,https://go.mikemurphy.ai/skillshare,301,TRUE,FALSE,FALSE,FALSE
mikemurphy.co/skillshare/,https://go.mikemurphy.ai/skillshare,301,TRUE,FALSE,FALSE,FALSE
www.mikemurphy.co/skillshare,https://go.mikemurphy.ai/skillshare,301,TRUE,FALSE,FALSE,FALSE
www.mikemurphy.co/skillshare/,https://go.mikemurphy.ai/skillshare,301,TRUE,FALSE,FALSE,FALSE
mikemurphy.co/sm58,https://go.mikemurphy.ai/sm58,301,TRUE,FALSE,FALSE,FALSE
mikemurphy.co/sm58/,https://go.mikemurphy.ai/sm58,301,TRUE,FALSE,FALSE,FALSE
www.mikemurphy.co/sm58,https://go.mikemurphy.ai/sm58,301,TRUE,FALSE,FALSE,FALSE
www.mikemurphy.co/sm58/,https://go.mikemurphy.ai/sm58,301,TRUE,FALSE,FALSE,FALSE
mikemurphy.co/sm7b,https://go.mikemurphy.ai/sm7b,301,TRUE,FALSE,FALSE,FALSE
mikemurphy.co/sm7b/,https://go.mikemurphy.ai/sm7b,301,TRUE,FALSE,FALSE,FALSE
www.mikemurphy.co/sm7b,https://go.mikemurphy.ai/sm7b,301,TRUE,FALSE,FALSE,FALSE
www.mikemurphy.co/sm7b/,https://go.mikemurphy.ai/sm7b,301,TRUE,FALSE,FALSE,FALSE
mikemurphy.co/smartlav,https://go.mikemurphy.ai/smartlav,301,TRUE,FALSE,FALSE,FALSE
mikemurphy.co/smartlav/,https://go.mikemurphy.ai/smartlav,301,TRUE,FALSE,FALSE,FALSE
www.mikemurphy.co/smartlav,https://go.mikemurphy.ai/smartlav,301,TRUE,FALSE,FALSE,FALSE
www.mikemurphy.co/smartlav/,https://go.mikemurphy.ai/smartlav,301,TRUE,FALSE,FALSE,FALSE
mikemurphy.co/snagit,https://go.mikemurphy.ai/snagit,301,TRUE,FALSE,FALSE,FALSE
mikemurphy.co/snagit/,https://go.mikemurphy.ai/snagit,301,TRUE,FALSE,FALSE,FALSE
www.mikemurphy.co/snagit,https://go.mikemurphy.ai/snagit,301,TRUE,FALSE,FALSE,FALSE
www.mikemurphy.co/snagit/,https://go.mikemurphy.ai/snagit,301,TRUE,FALSE,FALSE,FALSE
mikemurphy.co/snowball,https://go.mikemurphy.ai/snowball,301,TRUE,FALSE,FALSE,FALSE
mikemurphy.co/snowball/,https://go.mikemurphy.ai/snowball,301,TRUE,FALSE,FALSE,FALSE
www.mikemurphy.co/snowball,https://go.mikemurphy.ai/snowball,301,TRUE,FALSE,FALSE,FALSE
www.mikemurphy.co/snowball/,https://go.mikemurphy.ai/snowball,301,TRUE,FALSE,FALSE,FALSE
mikemurphy.co/sonymdr7506,https://go.mikemurphy.ai/sonymdr7506,301,TRUE,FALSE,FALSE,FALSE
mikemurphy.co/sonymdr7506/,https://go.mikemurphy.ai/sonymdr7506,301,TRUE,FALSE,FALSE,FALSE
www.mikemurphy.co/sonymdr7506,https://go.mikemurphy.ai/sonymdr7506,301,TRUE,FALSE,FALSE,FALSE
www.mikemurphy.co/sonymdr7506/,https://go.mikemurphy.ai/sonymdr7506,301,TRUE,FALSE,FALSE,FALSE
mikemurphy.co/soundcloud,https://go.mikemurphy.ai/soundcloud,301,TRUE,FALSE,FALSE,FALSE
mikemurphy.co/soundcloud/,https://go.mikemurphy.ai/soundcloud,301,TRUE,FALSE,FALSE,FALSE
www.mikemurphy.co/soundcloud,https://go.mikemurphy.ai/soundcloud,301,TRUE,FALSE,FALSE,FALSE
www.mikemurphy.co/soundcloud/,https://go.mikemurphy.ai/soundcloud,301,TRUE,FALSE,FALSE,FALSE
mikemurphy.co/spotify,https://go.mikemurphy.ai/spotify,301,TRUE,FALSE,FALSE,FALSE
mikemurphy.co/spotify/,https://go.mikemurphy.ai/spotify,301,TRUE,FALSE,FALSE,FALSE
www.mikemurphy.co/spotify,https://go.mikemurphy.ai/spotify,301,TRUE,FALSE,FALSE,FALSE
www.mikemurphy.co/spotify/,https://go.mikemurphy.ai/spotify,301,TRUE,FALSE,FALSE,FALSE
mikemurphy.co/spreaker,https://go.mikemurphy.ai/spreaker,301,TRUE,FALSE,FALSE,FALSE
mikemurphy.co/spreaker/,https://go.mikemurphy.ai/spreaker,301,TRUE,FALSE,FALSE,FALSE
www.mikemurphy.co/spreaker,https://go.mikemurphy.ai/spreaker,301,TRUE,FALSE,FALSE,FALSE
www.mikemurphy.co/spreaker/,https://go.mikemurphy.ai/spreaker,301,TRUE,FALSE,FALSE,FALSE
mikemurphy.co/squadcast,https://go.mikemurphy.ai/squadcast,301,TRUE,FALSE,FALSE,FALSE
mikemurphy.co/squadcast/,https://go.mikemurphy.ai/squadcast,301,TRUE,FALSE,FALSE,FALSE
www.mikemurphy.co/squadcast,https://go.mikemurphy.ai/squadcast,301,TRUE,FALSE,FALSE,FALSE
www.mikemurphy.co/squadcast/,https://go.mikemurphy.ai/squadcast,301,TRUE,FALSE,FALSE,FALSE
mikemurphy.co/squid,https://go.mikemurphy.ai/squid,301,TRUE,FALSE,FALSE,FALSE
mikemurphy.co/squid/,https://go.mikemurphy.ai/squid,301,TRUE,FALSE,FALSE,FALSE
www.mikemurphy.co/squid,https://go.mikemurphy.ai/squid,301,TRUE,FALSE,FALSE,FALSE
www.mikemurphy.co/squid/,https://go.mikemurphy.ai/squid,301,TRUE,FALSE,FALSE,FALSE
mikemurphy.co/stitcher,https://go.mikemurphy.ai/stitcher,301,TRUE,FALSE,FALSE,FALSE
mikemurphy.co/stitcher/,https://go.mikemurphy.ai/stitcher,301,TRUE,FALSE,FALSE,FALSE
www.mikemurphy.co/stitcher,https://go.mikemurphy.ai/stitcher,301,TRUE,FALSE,FALSE,FALSE
www.mikemurphy.co/stitcher/,https://go.mikemurphy.ai/stitcher,301,TRUE,FALSE,FALSE,FALSE
mikemurphy.co/studio,https://go.mikemurphy.ai/studio,301,TRUE,FALSE,FALSE,FALSE
mikemurphy.co/studio/,https://go.mikemurphy.ai/studio,301,TRUE,FALSE,FALSE,FALSE
www.mikemurphy.co/studio,https://go.mikemurphy.ai/studio,301,TRUE,FALSE,FALSE,FALSE
www.mikemurphy.co/studio/,https://go.mikemurphy.ai/studio,301,TRUE,FALSE,FALSE,FALSE
mikemurphy.co/subscribe,https://go.mikemurphy.ai/subscribe,301,TRUE,FALSE,FALSE,FALSE
mikemurphy.co/subscribe/,https://go.mikemurphy.ai/subscribe,301,TRUE,FALSE,FALSE,FALSE
www.mikemurphy.co/subscribe,https://go.mikemurphy.ai/subscribe,301,TRUE,FALSE,FALSE,FALSE
www.mikemurphy.co/subscribe/,https://go.mikemurphy.ai/subscribe,301,TRUE,FALSE,FALSE,FALSE
mikemurphy.co/t5i,https://go.mikemurphy.ai/t5i,301,TRUE,FALSE,FALSE,FALSE
mikemurphy.co/t5i/,https://go.mikemurphy.ai/t5i,301,TRUE,FALSE,FALSE,FALSE
www.mikemurphy.co/t5i,https://go.mikemurphy.ai/t5i,301,TRUE,FALSE,FALSE,FALSE
www.mikemurphy.co/t5i/,https://go.mikemurphy.ai/t5i,301,TRUE,FALSE,FALSE,FALSE
mikemurphy.co/tascamdr40,https://go.mikemurphy.ai/tascamdr40,301,TRUE,FALSE,FALSE,FALSE
mikemurphy.co/tascamdr40/,https://go.mikemurphy.ai/tascamdr40,301,TRUE,FALSE,FALSE,FALSE
www.mikemurphy.co/tascamdr40,https://go.mikemurphy.ai/tascamdr40,301,TRUE,FALSE,FALSE,FALSE
www.mikemurphy.co/tascamdr40/,https://go.mikemurphy.ai/tascamdr40,301,TRUE,FALSE,FALSE,FALSE
mikemurphy.co/teachable,https://go.mikemurphy.ai/teachable,301,TRUE,FALSE,FALSE,FALSE
mikemurphy.co/teachable/,https://go.mikemurphy.ai/teachable,301,TRUE,FALSE,FALSE,FALSE
www.mikemurphy.co/teachable,https://go.mikemurphy.ai/teachable,301,TRUE,FALSE,FALSE,FALSE
www.mikemurphy.co/teachable/,https://go.mikemurphy.ai/teachable,301,TRUE,FALSE,FALSE,FALSE
mikemurphy.co/thinkific,https://go.mikemurphy.ai/thinkific,301,TRUE,FALSE,FALSE,FALSE
mikemurphy.co/thinkific/,https://go.mikemurphy.ai/thinkific,301,TRUE,FALSE,FALSE,FALSE
www.mikemurphy.co/thinkific,https://go.mikemurphy.ai/thinkific,301,TRUE,FALSE,FALSE,FALSE
www.mikemurphy.co/thinkific/,https://go.mikemurphy.ai/thinkific,301,TRUE,FALSE,FALSE,FALSE
mikemurphy.co/titans,https://go.mikemurphy.ai/titans,301,TRUE,FALSE,FALSE,FALSE
mikemurphy.co/titans/,https://go.mikemurphy.ai/titans,301,TRUE,FALSE,FALSE,FALSE
www.mikemurphy.co/titans,https://go.mikemurphy.ai/titans,301,TRUE,FALSE,FALSE,FALSE
www.mikemurphy.co/titans/,https://go.mikemurphy.ai/titans,301,TRUE,FALSE,FALSE,FALSE
mikemurphy.co/tubebuddy,https://go.mikemurphy.ai/tubebuddy,301,TRUE,FALSE,FALSE,FALSE
mikemurphy.co/tubebuddy/,https://go.mikemurphy.ai/tubebuddy,301,TRUE,FALSE,FALSE,FALSE
www.mikemurphy.co/tubebuddy,https://go.mikemurphy.ai/tubebuddy,301,TRUE,FALSE,FALSE,FALSE
www.mikemurphy.co/tubebuddy/,https://go.mikemurphy.ai/tubebuddy,301,TRUE,FALSE,FALSE,FALSE
mikemurphy.co/tunein,https://go.mikemurphy.ai/tunein,301,TRUE,FALSE,FALSE,FALSE
mikemurphy.co/tunein/,https://go.mikemurphy.ai/tunein,301,TRUE,FALSE,FALSE,FALSE
www.mikemurphy.co/tunein,https://go.mikemurphy.ai/tunein,301,TRUE,FALSE,FALSE,FALSE
www.mikemurphy.co/tunein/,https://go.mikemurphy.ai/tunein,301,TRUE,FALSE,FALSE,FALSE
mikemurphy.co/unbound,https://go.mikemurphy.ai/unbound,301,TRUE,FALSE,FALSE,FALSE
mikemurphy.co/unbound/,https://go.mikemurphy.ai/unbound,301,TRUE,FALSE,FALSE,FALSE
www.mikemurphy.co/unbound,https://go.mikemurphy.ai/unbound,301,TRUE,FALSE,FALSE,FALSE
www.mikemurphy.co/unbound/,https://go.mikemurphy.ai/unbound,301,TRUE,FALSE,FALSE,FALSE
mikemurphy.co/usb3,https://go.mikemurphy.ai/usb3,301,TRUE,FALSE,FALSE,FALSE
mikemurphy.co/usb3/,https://go.mikemurphy.ai/usb3,301,TRUE,FALSE,FALSE,FALSE
www.mikemurphy.co/usb3,https://go.mikemurphy.ai/usb3,301,TRUE,FALSE,FALSE,FALSE
www.mikemurphy.co/usb3/,https://go.mikemurphy.ai/usb3,301,TRUE,FALSE,FALSE,FALSE
mikemurphy.co/vello,https://go.mikemurphy.ai/vello,301,TRUE,FALSE,FALSE,FALSE
mikemurphy.co/vello/,https://go.mikemurphy.ai/vello,301,TRUE,FALSE,FALSE,FALSE
www.mikemurphy.co/vello,https://go.mikemurphy.ai/vello,301,TRUE,FALSE,FALSE,FALSE
www.mikemurphy.co/vello/,https://go.mikemurphy.ai/vello,301,TRUE,FALSE,FALSE,FALSE
mikemurphy.co/videomicpro,https://go.mikemurphy.ai/videomicpro,301,TRUE,FALSE,FALSE,FALSE
mikemurphy.co/videomicpro/,https://go.mikemurphy.ai/videomicpro,301,TRUE,FALSE,FALSE,FALSE
www.mikemurphy.co/videomicpro,https://go.mikemurphy.ai/videomicpro,301,TRUE,FALSE,FALSE,FALSE
www.mikemurphy.co/videomicpro/,https://go.mikemurphy.ai/videomicpro,301,TRUE,FALSE,FALSE,FALSE
mikemurphy.co/vps,https://go.mikemurphy.ai/vps,301,TRUE,FALSE,FALSE,FALSE
mikemurphy.co/vps/,https://go.mikemurphy.ai/vps,301,TRUE,FALSE,FALSE,FALSE
www.mikemurphy.co/vps,https://go.mikemurphy.ai/vps,301,TRUE,FALSE,FALSE,FALSE
www.mikemurphy.co/vps/,https://go.mikemurphy.ai/vps,301,TRUE,FALSE,FALSE,FALSE
mikemurphy.co/wacom,https://go.mikemurphy.ai/wacom,301,TRUE,FALSE,FALSE,FALSE
mikemurphy.co/wacom/,https://go.mikemurphy.ai/wacom,301,TRUE,FALSE,FALSE,FALSE
www.mikemurphy.co/wacom,https://go.mikemurphy.ai/wacom,301,TRUE,FALSE,FALSE,FALSE
www.mikemurphy.co/wacom/,https://go.mikemurphy.ai/wacom,301,TRUE,FALSE,FALSE,FALSE
mikemurphy.co/wasabicanon,https://go.mikemurphy.ai/wasabicanon,301,TRUE,FALSE,FALSE,FALSE
mikemurphy.co/wasabicanon/,https://go.mikemurphy.ai/wasabicanon,301,TRUE,FALSE,FALSE,FALSE
www.mikemurphy.co/wasabicanon,https://go.mikemurphy.ai/wasabicanon,301,TRUE,FALSE,FALSE,FALSE
www.mikemurphy.co/wasabicanon/,https://go.mikemurphy.ai/wasabicanon,301,TRUE,FALSE,FALSE,FALSE
mikemurphy.co/wasabigopro,https://go.mikemurphy.ai/wasabigopro,301,TRUE,FALSE,FALSE,FALSE
mikemurphy.co/wasabigopro/,https://go.mikemurphy.ai/wasabigopro,301,TRUE,FALSE,FALSE,FALSE
www.mikemurphy.co/wasabigopro,https://go.mikemurphy.ai/wasabigopro,301,TRUE,FALSE,FALSE,FALSE
www.mikemurphy.co/wasabigopro/,https://go.mikemurphy.ai/wasabigopro,301,TRUE,FALSE,FALSE,FALSE
mikemurphy.co/webcamsettings,https://go.mikemurphy.ai/webcamsettings,301,TRUE,FALSE,FALSE,FALSE
mikemurphy.co/webcamsettings/,https://go.mikemurphy.ai/webcamsettings,301,TRUE,FALSE,FALSE,FALSE
www.mikemurphy.co/webcamsettings,https://go.mikemurphy.ai/webcamsettings,301,TRUE,FALSE,FALSE,FALSE
www.mikemurphy.co/webcamsettings/,https://go.mikemurphy.ai/webcamsettings,301,TRUE,FALSE,FALSE,FALSE
mikemurphy.co/windscreen,https://go.mikemurphy.ai/windscreen,301,TRUE,FALSE,FALSE,FALSE
mikemurphy.co/windscreen/,https://go.mikemurphy.ai/windscreen,301,TRUE,FALSE,FALSE,FALSE
www.mikemurphy.co/windscreen,https://go.mikemurphy.ai/windscreen,301,TRUE,FALSE,FALSE,FALSE
www.mikemurphy.co/windscreen/,https://go.mikemurphy.ai/windscreen,301,TRUE,FALSE,FALSE,FALSE
mikemurphy.co/wirecast,https://go.mikemurphy.ai/wirecast,301,TRUE,FALSE,FALSE,FALSE
mikemurphy.co/wirecast/,https://go.mikemurphy.ai/wirecast,301,TRUE,FALSE,FALSE,FALSE
www.mikemurphy.co/wirecast,https://go.mikemurphy.ai/wirecast,301,TRUE,FALSE,FALSE,FALSE
www.mikemurphy.co/wirecast/,https://go.mikemurphy.ai/wirecast,301,TRUE,FALSE,FALSE,FALSE
mikemurphy.co/wordpress,https://go.mikemurphy.ai/wordpress,301,TRUE,FALSE,FALSE,FALSE
mikemurphy.co/wordpress/,https://go.mikemurphy.ai/wordpress,301,TRUE,FALSE,FALSE,FALSE
www.mikemurphy.co/wordpress,https://go.mikemurphy.ai/wordpress,301,TRUE,FALSE,FALSE,FALSE
www.mikemurphy.co/wordpress/,https://go.mikemurphy.ai/wordpress,301,TRUE,FALSE,FALSE,FALSE
mikemurphy.co/wpengine,https://go.mikemurphy.ai/wpengine,301,TRUE,FALSE,FALSE,FALSE
mikemurphy.co/wpengine/,https://go.mikemurphy.ai/wpengine,301,TRUE,FALSE,FALSE,FALSE
www.mikemurphy.co/wpengine,https://go.mikemurphy.ai/wpengine,301,TRUE,FALSE,FALSE,FALSE
www.mikemurphy.co/wpengine/,https://go.mikemurphy.ai/wpengine,301,TRUE,FALSE,FALSE,FALSE
mikemurphy.co/wppodcast,https://go.mikemurphy.ai/wppodcast,301,TRUE,FALSE,FALSE,FALSE
mikemurphy.co/wppodcast/,https://go.mikemurphy.ai/wppodcast,301,TRUE,FALSE,FALSE,FALSE
www.mikemurphy.co/wppodcast,https://go.mikemurphy.ai/wppodcast,301,TRUE,FALSE,FALSE,FALSE
www.mikemurphy.co/wppodcast/,https://go.mikemurphy.ai/wppodcast,301,TRUE,FALSE,FALSE,FALSE
mikemurphy.co/yeti,https://go.mikemurphy.ai/yeti,301,TRUE,FALSE,FALSE,FALSE
mikemurphy.co/yeti/,https://go.mikemurphy.ai/yeti,301,TRUE,FALSE,FALSE,FALSE
www.mikemurphy.co/yeti,https://go.mikemurphy.ai/yeti,301,TRUE,FALSE,FALSE,FALSE
www.mikemurphy.co/yeti/,https://go.mikemurphy.ai/yeti,301,TRUE,FALSE,FALSE,FALSE
mikemurphy.co/youtube,https://go.mikemurphy.ai/youtube,301,TRUE,FALSE,FALSE,FALSE
mikemurphy.co/youtube/,https://go.mikemurphy.ai/youtube,301,TRUE,FALSE,FALSE,FALSE
www.mikemurphy.co/youtube,https://go.mikemurphy.ai/youtube,301,TRUE,FALSE,FALSE,FALSE
www.mikemurphy.co/youtube/,https://go.mikemurphy.ai/youtube,301,TRUE,FALSE,FALSE,FALSE
mikemurphy.co/zed10,https://go.mikemurphy.ai/zed10,301,TRUE,FALSE,FALSE,FALSE
mikemurphy.co/zed10/,https://go.mikemurphy.ai/zed10,301,TRUE,FALSE,FALSE,FALSE
www.mikemurphy.co/zed10,https://go.mikemurphy.ai/zed10,301,TRUE,FALSE,FALSE,FALSE
www.mikemurphy.co/zed10/,https://go.mikemurphy.ai/zed10,301,TRUE,FALSE,FALSE,FALSE
mikemurphy.co/zoom,https://go.mikemurphy.ai/zoom,301,TRUE,FALSE,FALSE,FALSE
mikemurphy.co/zoom/,https://go.mikemurphy.ai/zoom,301,TRUE,FALSE,FALSE,FALSE
www.mikemurphy.co/zoom,https://go.mikemurphy.ai/zoom,301,TRUE,FALSE,FALSE,FALSE
www.mikemurphy.co/zoom/,https://go.mikemurphy.ai/zoom,301,TRUE,FALSE,FALSE,FALSE
mikemurphy.co/zoomh1,https://go.mikemurphy.ai/zoomh1,301,TRUE,FALSE,FALSE,FALSE
mikemurphy.co/zoomh1/,https://go.mikemurphy.ai/zoomh1,301,TRUE,FALSE,FALSE,FALSE
www.mikemurphy.co/zoomh1,https://go.mikemurphy.ai/zoomh1,301,TRUE,FALSE,FALSE,FALSE
www.mikemurphy.co/zoomh1/,https://go.mikemurphy.ai/zoomh1,301,TRUE,FALSE,FALSE,FALSE
mikemurphy.co/zoomh5,https://go.mikemurphy.ai/zoomh5,301,TRUE,FALSE,FALSE,FALSE
mikemurphy.co/zoomh5/,https://go.mikemurphy.ai/zoomh5,301,TRUE,FALSE,FALSE,FALSE
www.mikemurphy.co/zoomh5,https://go.mikemurphy.ai/zoomh5,301,TRUE,FALSE,FALSE,FALSE
www.mikemurphy.co/zoomh5/,https://go.mikemurphy.ai/zoomh5,301,TRUE,FALSE,FALSE,FALSE
mikemurphy.co/zoomh6,https://go.mikemurphy.ai/zoomh6,301,TRUE,FALSE,FALSE,FALSE
mikemurphy.co/zoomh6/,https://go.mikemurphy.ai/zoomh6,301,TRUE,FALSE,FALSE,FALSE
www.mikemurphy.co/zoomh6,https://go.mikemurphy.ai/zoomh6,301,TRUE,FALSE,FALSE,FALSE
www.mikemurphy.co/zoomh6/,https://go.mikemurphy.ai/zoomh6,301,TRUE,FALSE,FALSE,FALSE
